states,cities,population,murder,rape,robbery,agrv_assault,burglary,larceny,vehicle_theft,violent_crime,prop_crime
 Alabama,Mobile,248431,20.13,58.16,177.11,485.85,"1,216.84","3,730.21",506.78,740.25,"5,453.83"
 Alaska,Anchorage,296188,9.12,132.01,262.67,799.49,748.17,"3,619.66","1,047.98","1,203.29","5,415.82"
 Arizona,Chandler,249355,2.01,52.13,56.95,148.38,314.41,"1,866.01",149.18,259.47,"2,329.61"
 Arizona,Gilbert,242090,2.07,16.11,21.07,46.26,192.49,"1,137.59",55.76,85.51,"1,385.85"
 Arizona,Glendale,249273,4.81,38.91,192.96,251.53,637.45,"3,426.36",466.56,488.22,"4,530.37"
 Arizona,Mesa,492268,4.67,51.19,92.23,267.74,381.50,"1,610.91",179.58,415.83,"2,171.99"
 Arizona,Phoenix,1608139,9.55,69.46,200.28,481.64,778.57,"2,426.69",465.46,760.93,"3,670.71"
 Arizona,Scottsdale,251840,1.99,40.9,39.71,74.65,348.63,"1,725.70",97.68,157.24,"2,172.01"
 Arizona,Tucson,1532323,8.64,93.55,268.82,430.75,831.07,"3,968.46",452.17,801.77,"5,251.70"
 California,Anaheim,353400,2.83,32.54,135.82,183.36,382.29,"1,809.00",439.16,354.56,"2,630.45"
 California,Bakersfield,381154,10.76,24.14,197.56,246.88,962.08,"2,377.78",728.58,479.33,"4,068.43"
 California,Chula Vista,271109,0.74,22.87,112.13,162.30,236.07,915.50,280.70,298.04,"1,432.27"
 California,Fremont,236368,0.85,28.77,79.11,73.61,284.73,"1,499.78",365.95,182.34,"2,150.46"
 California,Fresno,526371,10.64,33.06,182.0,339.30,693.24,"2,618.31",529.85,565.00,"3,841.40"
 California,Irvine,276115,0.72,16.66,19.92,23.90,227.08,"1,019.14",70.26,61.21,"1,316.48"
 California,Long Beach,471397,4.67,43.06,262.41,347.69,586.55,"1,507.01",578.92,657.83,"2,672.48"
 California,Los Angeles,3898747,7.01,61.27,269.87,423.17,415.96,"1,640.99",478.97,761.31,"2,535.92"
 California,Oakland,424915,16.24,94.14,629.77,559.17,617.06,"4,072.58","1,293.20","1,299.32","5,982.84"
 California,Riverside,328023,3.66,50.61,165.84,288.70,510.03,"2,020.89",527.40,508.81,"3,058.32"
 California,Sacramento,499997,7.8,19.8,220.0,428.00,577.60,"1,815.41",543.60,675.60,"2,936.62"
 California,San Bernardino,217259,15.65,72.72,403.67,799.05,983.16,"1,836.52","1,048.06","1,291.09","3,867.73"
 California,San Diego,1386932,2.46,39.25,99.01,225.89,268.03,"1,214.37",360.57,366.61,"1,842.97"
 California,San Francisco,881255,6.35,41.65,365.39,301.62,560.00,"5,059.49",548.54,715.00,"6,168.02"
 California,San Jose,1013240,3.08,55.03,132.62,212.91,378.40,"1,284.69",777.62,403.65,"2,440.70"
 California,Santa Ana,335699,6.26,56.0,180.22,246.05,276.74,"1,223.72",589.81,488.53,"2,090.27"
 California,Santa Clara,216350,1.85,18.49,56.39,85.97,311.53,923.04,189.51,162.70,"1,424.08"
 California,Stockton,309566,17.77,49.75,390.22,956.82,691.29,"2,274.15",661.89,"1,414.56","3,627.34"
 Colorado,Aurora,368018,8.15,86.68,184.5,329.06,454.05,"1,954.80",594.81,608.39,"3,003.66"
 Colorado,Colorado Springs,472958,6.13,103.39,101.91,312.71,530.28,"2,235.08",451.41,524.15,"3,216.78"
 Colorado,Denver,706616,8.35,98.92,174.35,393.99,612.92,"2,267.29",786.85,675.61,"3,667.06"
 District of Columbia,"Washington, D.C.",693972,16.72,63.84,338.77,529.42,260.53,"3,528.96",366.73,948.74,"4,156.22"
 Florida,Hialeah,238260,2.52,13.85,64.64,117.52,248.89,"1,677.16",287.50,198.52,"2,213.55"
 Florida,Jacksonville,894638,12.18,60.14,153.81,405.19,631.09,"2,568.64",326.95,631.32,"3,526.68"
 Florida,Miami,463009,11.23,22.68,211.23,475.80,526.99,"3,090.87",396.32,720.94,"4,014.18"
 Florida,Orlando,283982,8.1,64.44,213.04,458.48,840.90,"4,125.26",488.41,744.06,"5,454.57"
 Florida,St. Petersburg,263712,7.58,51.57,189.22,450.11,671.95,"3,269.85",370.86,698.49,"4,312.66"
 Florida,Tampa,384360,10.15,31.48,105.63,317.15,321.31,"1,274.85",147.52,464.41,"1,743.68"
 Georgia,Atlanta,481343,16.41,58.59,293.55,567.16,704.28,"3,387.19",684.96,935.72,"4,776.43"
 Georgia,Savannah,242941,14.41,41.16,156.83,250.27,549.52,"2,494.84",386.93,462.66,"3,431.29"
 Hawaii,Honolulu,990384,3.23,28.78,91.68,122.68,336.33,"2,073.94",364.10,246.37,"2,774.38"
 Idaho,Boise,225677,0.89,63.81,22.6,191.87,326.13,"1,965.20",153.32,279.16,"2,444.64"
 Illinois,Chicago,2746388,18.26,65.11,439.26,570.36,477.13,"2,358.83",427.84,"1,098.86","3,263.80"
 Indiana,Fort Wayne,266259,13.9,51.08,112.3,180.28,491.25,"2,488.55",199.81,357.55,"3,179.61"
 Indiana,Indianapolis,870788,17.91,76.71,400.21,839.13,"1,027.23","2,821.47",563.17,"1,333.96","4,411.87"
 Iowa,Des Moines,217277,12.89,33.6,167.53,456.10,"1,099.06","2,734.30",579.90,670.11,"4,413.26"
 Kansas,Wichita,391084,8.95,97.68,153.16,762.50,838.95,"4,063.07",633.62,"1,022.29","5,535.64"
 Kentucky,Lexington,322332,9.0,62.05,169.7,110.13,647.47,"2,739.72",394.93,350.88,"3,782.13"
 Kentucky,Louisville Metro,684362,15.93,25.57,193.76,411.77,821.64,"2,735.98",564.61,647.03,"4,122.23"
 Louisiana,Baton Rouge,227403,38.26,43.97,381.7,562.88,"1,418.63","3,739.62",435.79,"1,026.81","5,594.03"
 Louisiana,New Orleans,397447,39.5,144.67,329.1,608.13,560.83,"3,046.19",636.81,"1,121.41","4,243.84"
 Maryland,Baltimore,613217,55.77,62.29,958.71,950.23,"1,311.28","2,773.57",843.26,"2,027.01","4,928.11"
 Massachusetts,Boston,682903,8.35,42.47,205.59,412.80,308.83,"1,603.74",176.45,669.20,"2,089.02"
 Michigan,Detroit,670792,39.8,103.91,393.42,"1,519.55","1,231.08","2,093.79","1,215.73","2,056.67","4,540.60"
 Minnesota,Minneapolis,418971,10.02,122.68,434.16,534.40,897.91,"3,173.49",569.97,"1,101.27","4,641.37"
 Minnesota,St. Paul,306696,7.17,70.75,227.26,345.62,741.45,"2,144.47",679.50,650.81,"3,565.42"
 Missouri,Kansas City,484948,30.93,91.76,383.13,"1,218.48",960.52,"2,670.39",912.88,"1,724.31","4,543.79"
 Missouri,St. Louis,310284,66.07,93.14,626.52,"1,296.55","1,011.33","4,155.55",874.36,"2,082.29","6,041.24"
 Nebraska,Omaha,449388,6.9,91.24,139.08,410.11,464.63,"2,636.70",778.84,647.32,"3,880.17"
 Nevada,Henderson,299285,3.34,28.74,80.19,72.84,363.87,"1,254.99",214.18,185.11,"1,833.04"
 Nevada,Las Vegas,627244,12.6,79.64,211.15,315.50,805.17,"1,635.16",503.06,618.90,"2,943.38"
 Nevada,North Las Vegas,242537,9.07,47.83,232.95,724.84,804.00,"1,037.37",544.66,"1,014.69","2,386.03"
 Nevada,Reno,248531,7.64,57.14,153.7,455.07,541.98,"1,967.56",576.19,673.56,"3,085.73"
 New Jersey,Jersey City,267906,7.84,45.91,199.32,256.43,417.68,"1,206.02",183.27,509.51,"1,806.98"
 New Jersey,Newark,283673,27.14,40.89,377.19,451.22,423.73,"1,128.06",843.22,896.45,"2,395.01"
 New Mexico,Albuquerque,561375,12.47,84.26,521.93,750.48,"1,246.23","4,750.84","1,368.78","1,369.14","7,365.84"
 New York,Buffalo,256169,15.61,55.43,334.54,613.66,919.71,"2,591.26",325.18,"1,019.25","3,836.14"
 New York,New York,8804190,3.39,27.56,162.42,345.52,128.87,"1,253.15",66.56,538.90,"1,448.59"
 North Carolina8,Charlotte-Mecklenburg,914609,9.4,,220.53,433.52,701.50,"2,827.00",286.68,,"3,815.18"
 North Carolina8,Durham,269088,8.55,,316.63,467.13,867.37,"2,675.70",283.18,,"3,826.26"
 North Carolina8,Greensboro,290051,15.86,,228.93,480.61,710.91,"2,559.55",291.67,,"3,562.13"
 Ohio,Cincinnati,309317,23.4,97.62,399.84,426.26,"1,152.73","3,400.69",496.46,947.12,"5,049.88"
 Ohio,Cleveland,372624,27.77,128.97,699.88,700.14,"1,518.87","2,516.15",881.01,"1,556.76","4,916.04"
 Ohio,Columbus,905748,16.28,105.37,225.06,166.70,815.29,"2,650.87",478.79,513.41,"3,944.94"
 Ohio,"Toledo,,",270871,12.63,,281.47,661.82,"1,119.75","2,615.15",268.84,,"4,003.74"
 Oklahoma,Oklahoma City,648260,12.49,73.12,172.77,528.95,941.75,"2,378.83",431.93,787.34,"3,752.51"
 Oklahoma,Tulsa,404868,17.29,104.48,238.1,680.96,"1,376.75","3,224.26",854.60,"1,040.83","5,455.61"
 Oregon,Portland,649408,3.7,67.45,160.92,283.64,729.13,"3,824.56","1,123.33",515.70,"5,677.02"
 Pennsylvania,Philadelphia,1603797,20.06,75.02,382.46,470.04,418.25,"2,297.23",348.00,947.58,"3,063.48"
 Pennsylvania,Pittsburgh,305932,17.98,29.42,262.15,346.81,526.26,"2,365.89",222.27,656.36,"3,114.42"
 Tennessee,Memphis,652765,27.73,90.38,529.59,"1,355.62","1,460.25","4,224.49",613.08,"2,003.32","6,297.83"
 Tennessee,Nashville,674942,16.3,72.9,303.14,745.84,631.31,"2,806.61",380.03,"1,138.17","3,817.96"
 Texas,Arlington,397377,4.78,63.92,144.95,303.24,453.22,"2,402.25",342.24,516.89,"3,197.72"
 Texas,Austin,971949,2.57,85.81,101.55,224.91,450.64,"2,525.03",213.90,414.84,"3,189.57"
 Texas,Corpus Christi,329256,6.38,70.46,142.75,482.91,677.89,"2,665.40",222.02,702.49,"3,565.31"
 Texas,Dallas,1304379,12.48,62.08,327.0,373.09,737.66,"1,856.26",591.16,774.64,"3,185.09"
 Texas,El Paso,688667,2.76,53.87,58.08,264.13,188.33,"1,514.37",116.17,378.85,"1,818.88"
 Texas,Fort Worth,873069,8.02,65.17,147.3,339.72,585.98,"2,319.40",309.94,560.21,"3,215.32"
 Texas,Garland,236243,3.39,54.6,135.03,123.60,513.88,"2,175.73",342.87,316.62,"3,032.47"
 Texas,Houston,2304580,11.5,58.42,417.96,607.34,731.66,"2,900.82",495.93,"1,095.23","4,128.41"
 Texas,Irving,242062,3.3,22.31,94.19,107.00,400.31,"1,845.39",293.73,226.80,"2,539.43"
 Texas,Laredo,260669,3.84,43.73,59.08,215.22,335.29,"2,083.10",65.22,321.86,"2,483.61"
 Texas,Plano,290413,5.17,27.89,40.98,75.75,250.68,"1,366.33",116.73,149.79,"1,733.74"
 Texas,San Antonio,1434625,8.15,83.51,151.11,464.72,770.82,"3,622.65",451.37,707.50,"4,844.84"
 Virginia,Chesapeake,240119,4.58,36.23,82.46,295.69,276.11,"1,891.98",104.12,418.96,"2,272.21"
 Virginia,Norfolk,245190,14.68,55.06,151.31,334.84,471.47,"2,984.62",292.83,555.90,"3,748.93"
 Virginia,Virginia Beach,454353,3.08,22.45,59.87,52.16,165.95,"1,667.65",101.02,137.56,"1,934.62"
 Washington,Seattle,721365,3.74,36.87,210.02,382.05,"1,081.98","3,673.45",503.21,632.69,"5,258.64"
 Washington,Spokane,217066,2.76,109.64,105.5,408.63,"1,023.19","5,408.03",800.22,626.54,"7,231.44"
 Wisconsin,Madison,255850,4.3,37.13,82.86,250.15,362.32,"2,130.94",168.85,374.44,"2,662.11"
 Wisconsin,Milwaukee,595168,19.83,72.92,490.45,"1,014.17",927.13,"1,940.29",924.61,"1,597.36","3,792.04"
Texas,Abilene,119886,2.5,31.7,105.9,253.6,865,"2,656.7",142.6,393.7,"3,664.3"
Ohio,Akron,198390,12.1,84.2,290.8,499.5,"1,728.4","2,965.9",363.4,886.6,"5,057.7"
Virginia,Alexandria,145892,0.0,6.2,94.6,65.8,192.6,"1,633.4",223.5,166.6,"2,049.5"
Pennsylvania,Allentown,119334,12.6,45.3,313.4,176,"1,045.8","2,503.1",308.4,547.2,"3,857.2"
Texas,Amarillo,196576,5.1,56.0,141.4,447.7,"1,061.7","3,145.9",320,650.1,"4,527.5"
New York,Amherst Town,117591,0.0,6.0,23.8,45.1,182,"1,709.3",31.5,74.8,"1,922.8"
Michigan,Ann Arbor,115008,0.9,30.4,43.5,122.6,620.8,"1,650.3",99.1,197.4,"2,370.3"
California,Antioch,105009,9.5,27.6,354.3,625.7,"1,658","1,828.4","1,043.7","1,017.1","4,530.1"
Colorado,Arvada,109029,0.0,20.2,26.6,98.1,357.7,"1,847.2",184.4,144.9,"2,389.3"
Georgia,Athens-Clarke County,117457,4.3,40.9,134.5,207.7,978.2,"2,732.9",206,387.4,"3,917.2"
Illinois,Aurora,199765,0.0,32.5,62.6,186.7,472.6,"1,249",63.1,281.8,"1,784.6"
Louisiana,Baton Rouge,231500,28.5,27.6,446.2,580.6,"1,652.7","3,348.2",208.2,"1,082.9","5,209.1"
Texas,Beaumont,120323,10.8,63.2,339.1,619.2,"1,519.2","3,089.2",231.9,"1,032.2","4,840.3"
Washington,Bellevue,126022,1.6,20.6,53.2,52.4,543.6,"2,102",134.1,127.8,"2,779.7"
California,Berkeley,114961,4.3,33.9,291.4,93.9,844.6,"3,552.5",557.6,423.6,"4,954.7"
Montana,Billings,106371,2.8,35.7,63.9,245.4,745.5,"3,391.9",386.4,347.8,"4,523.8"
Alabama,Birmingham,213266,31.4,71.3,460.9,954.2,"2,205.7","4,239.8",488.6,"1,517.8","6,934.1"
Idaho,Boise,211569,0.5,35.4,30.3,201.8,431.5,"2,019.2",74.2,268,"2,524.9"
Colorado,Boulder,100257,0.0,31.9,47.9,168.6,470.8,"2,331",127.7,248.4,"2,929.5"
Connecticut,Bridgeport,146030,15.1,265.7,415.0,509.5,943,"1,991.4",594.4,"1,205.2","3,528.7"
Oklahoma,Broken Arrow,100688,1.0,32.8,38.7,81.4,371.4,"1,686.4",114.2,153.9,"2,172.1"
Texas,Brownsville,181102,1.7,21.0,69.0,169.5,632.2,"3,857.5",113.7,261.2,"4,603.5"
California,Burbank,105057,1.9,22.8,105.7,100.9,364.6,"1,819",189.4,231.3,"2,373"
Massachusetts,Cambridge,106981,0.9,18.7,126.2,257.1,469.2,"2,320",100,402.9,"2,889.3"
Florida,Cape Coral,159625,2.5,10.0,25.7,105.2,538.8,"1,595.6",71.4,143.5,"2,205.8"
California,Carlsbad,107879,1.9,24.1,51.0,168.7,460.7,"1,356.1",138.1,245.6,"1,955"
Texas,Carrollton,124477,1.6,5.6,60.3,77.1,619.4,"1,894.3",229,144.6,"2,742.7"
North Carolina,Cary,141016,0.0,7.8,20.6,53.2,262.4,"1,046.7",44.7,81.6,"1,353.7"
Iowa,Cedar Rapids,128401,2.3,33.5,75.5,165.9,752.3,"2,728.2",197.8,277.3,"3,678.3"
Colorado,Centennial,104022,1.0,38.5,31.7,79.8,266.3,"1,043",74,150.9,"1,383.4"
Arizona,Chandler,242721,1.6,26.4,61.4,169.3,472.6,"2,129.2",105.5,258.7,"2,707.2"
South Carolina,Charleston,123856,9.7,15.3,84.0,130,302,"2,231.6",189.7,239,"2,723.3"
Virginia,Chesapeake,227531,5.3,15.8,88.8,258.9,454.4,"2,188.3",122.6,368.7,"2,765.3"
California,Chula Vista,249830,3.2,13.2,90.9,125.3,370.7,"1,262.1",401.1,232.6,"2,033.8"
Tennessee,Clarksville,137356,7.3,33.5,72.1,524.2,710.6,"1,891.4",121.6,637,"2,723.6"
Florida,Clearwater,109255,2.7,54.0,188.5,420.1,841.2,"2,900.6",161.1,665.4,"3,902.8"
Missouri,Columbia,110646,2.7,37.1,146.4,244,708.6,"2,977.1",129.2,430.2,"3,814.9"
Georgia,Columbus,196178,8.7,15.8,215.6,266.6,"1,380.9","3,930.6",431.2,506.7,"5,742.7"
California,Concord,125205,0.0,15.2,122.2,183.7,662.1,"2,151.7",526.3,321.1,"3,340.1"
Florida,Coral Springs,125021,0.8,8.0,62.4,112,457.5,"1,678.1",120,183.2,"2,255.6"
California,Corona,157342,0.6,10.8,64.8,57.2,547.2,"1,758",327.9,133.5,"2,633.1"
California,Costa Mesa,112635,3.6,28.4,73.7,119.9,593.1,"2,707.9",320.5,225.5,"3,621.4"
California,Daly City,103311,0.0,8.7,73.6,126.8,382.3,"1,114.1",248.8,209.1,"1,745.2"
Iowa,Davenport,101193,4.0,39.5,149.2,404.2,879.5,"2,877.7",282.6,596.9,"4,039.8"
Ohio,Dayton,142139,16.9,78.8,445.3,432.7,"2,140.9","3,270.7",487.6,973.7,"5,899.2"
Texas,Denton,118942,0.8,72.3,68.9,168.1,531.4,"2,079.2",132,310.2,"2,742.5"
Iowa,Des Moines,207400,3.4,48.2,120.5,355.4,"1,212.2","3,333.7",377,527.5,"4,922.9"
California,Downey,113628,5.3,17.6,167.2,145.2,589.6,"1,679.2",844,335.3,"3,112.8"
North Carolina,Durham,235563,8.9,26.7,261.1,429.2,"1,394.1","2,670.6",298.9,725.9,"4,363.6"
New Jersey,Edison Township,101007,0.0,8.9,58.4,53.5,337.6,"1,018.7",109.9,120.8,"1,466.2"
California,El Cajon,101864,2.0,23.6,144.3,188.5,484,"1,499.1",386.8,358.3,"2,369.8"
California,El Monte,115356,3.5,12.1,176.0,150.8,495,937.1,501.1,342.4,"1,933.1"
Illinois,Elgin,109155,1.8,61.4,69.6,102.6,327.1,"1,416.3",72.4,235.4,"1,815.8"
New Jersey,Elizabeth,126281,11.1,29.3,423.7,333.4,781.6,"1,739.8",924.1,797.4,"3,445.5"
California,Elk Grove,156344,0.6,12.8,60.8,253.3,431.1,"1,538.9",135.6,327.5,"2,105.6"
Pennsylvania,Erie,101972,7.8,62.8,168.7,209.9,"1,073.8","2,266.3",102,449.1,"3,442.1"
California,Escondido,147386,3.4,25.8,139.8,257.1,518.4,"1,604.6",514.3,426.1,"2,637.3"
Oregon,Eugene,158043,0.0,45.6,124.0,102.5,958.6,"3,830.6",275.2,272.1,"5,064.4"
Indiana,Evansville,118194,6.8,47.4,168.4,251.3,957.7,"3,833.5",355.3,473.8,"5,146.6"
Washington,Everett,105318,0.9,43.7,172.8,239.3,"1,106.2","4,064.8",921,456.7,"6,092"
California,Fairfield,107110,7.5,28.0,129.8,258.6,631.1,"2,001.7",464,423.9,"3,096.8"
North Dakota,Fargo,109813,1.8,62.8,41.9,252.2,410.7,"2,029.8",141.1,358.8,"2,581.7"
North Carolina,Fayetteville,205966,10.7,34.0,271.9,259.3,"1,995","4,028.8",367.1,575.8,"6,390.9"
Michigan,Flint,101632,62.0,106.3,662.2,"1,899","2,931.2","2,171.6",451.6,"2,729.5","5,554.4"
California,Fontana,200874,2.5,15.4,144.9,260.4,547.1,"1,189.3",500.8,423.2,"2,237.2"
Colorado,Fort Collins,148792,1.3,29.6,26.9,205,401.9,"2,271",95.4,262.8,"2,768.3"
Florida,Fort Lauderdale,170827,9.4,28.1,488.8,377,"1,727.5","3,757.6",345.4,903.3,"5,830.5"
California,Fremont,218927,0.9,6.4,60.3,72.2,537.2,"1,142.8",265.4,139.8,"1,945.4"
Texas,Frisco,123205,0.0,6.5,19.5,53.6,357.1,"1,650.1",43.8,79.5,"2,051.1"
California,Fullerton,138455,0.0,22.4,98.9,205.1,535.9,"2,074.3",233.3,326.5,"2,843.5"
Florida,Gainesville,127036,4.7,58.3,134.6,472.3,794.3,"3,111.7",188.1,669.9,"4,094.1"
California,Garden Grove,175079,0.6,9.1,77.1,163.9,434.7,"1,516.5",343.3,250.7,"2,294.4"
Texas,Garland,234984,3.0,20.0,100.4,106.4,943.9,"2,496.3",251.5,229.8,"3,691.7"
Arizona,Gilbert,214264,2.3,8.9,27.5,56.9,338.8,"1,164.9",76.5,95.7,"1,580.3"
Arizona,Glendale,232997,5.2,23.2,177.3,285.8,"1,221.9","4,662.3",525.3,491.4,"6,409.5"
California,Glendale,194902,0.0,3.1,55.4,61.1,264.7,"1,138",158.5,119.5,"1,561.3"
Texas,Grand Prairie,181782,0.6,27.5,88.0,158.4,714,"1,824.2",347.7,274.5,"2,885.9"
Michigan,Grand Rapids,189953,8.4,24.2,243.2,495.4,"1,009.2","2,333.7",141.1,771.2,"3,484"
Wisconsin,Green Bay,106080,0.9,41.5,82.0,360.1,621.2,"2,083.3",102.8,484.5,"2,807.3"
Oregon,Gresham,108202,3.7,30.5,191.3,224.6,818.8,"2,985.2",685.8,450.1,"4,489.8"
Virginia,Hampton,137905,6.5,11.6,105.9,103.7,549.7,"2,637.3",190,227.7,"3,377"
Connecticut,Hartford,125203,18.4,21.6,511.2,770.7,838.6,"2,769.1",640.6,"1,321.9","4,248.3"
California,Hayward,147424,4.1,31.2,232.0,148.6,752.3,"1,510.6",987.6,415.8,"3,250.5"
Florida,Hialeah,233107,1.7,17.2,111.5,217.1,449.6,"2,320.4",316.2,347.5,"3,086.1"
North Carolina,High Point,106801,4.7,17.8,173.2,324.9,"1,112.3","2,755.6",267.8,520.6,"4,135.7"
Florida,Hollywood,145313,3.4,26.2,191.3,221.6,"1,347.4","3,506.2",454.2,442.5,"5,307.9"
California,Huntington Beach,194677,1.5,15.9,42.6,100.7,409.4,"2,235.5",164.9,160.8,"2,809.8"
Alabama,Huntsville,183691,7.6,39.2,248.2,628.2,"1,178.6","3,476.5",386.5,923.3,"5,041.6"
Missouri,Independence,117433,4.3,36.6,108.1,308.3,"1,067","4,356.5",666.8,457.3,"6,090.3"
California,Inglewood,111488,12.6,24.2,334.6,328.3,579.4,"1,245.9",572.3,699.6,"2,397.6"
California,Irvine,217528,0.9,3.7,13.3,32.6,262,"1,194.8",62.1,50.6,"1,518.9"
Texas,Irving,224007,1.3,12.1,60.3,152.7,570.1,"1,993.7",251.8,226.3,"2,815.5"
Mississippi,Jackson,175939,35.8,76.7,454.1,381.4,"2,344","3,585.3",645.7,948.1,"6,575"
Illinois,Joliet,148471,7.4,20.2,70.0,243.1,642.5,"1,834",106.4,340.8,"2,583"
Kansas,Kansas City,147201,10.2,57.7,188.2,339.7,"1,203.8","3,096.4",820.6,595.8,"5,120.9"
Washington,Kent,122102,1.6,55.7,158.9,228.5,"1,014.7","2,755.9",707.6,444.7,"4,478.2"
Texas,Killeen,131965,9.1,62.1,178.8,394.8,"1,135.1","2,497.6",145.5,644.9,"3,778.3"
Tennessee,Knoxville,182254,9.9,65.3,289.7,608.5,"1,581.3","4,594.1",501.5,973.4,"6,676.9"
Louisiana,Lafayette,122852,9.0,9.0,164.4,451.8,"1,082.6","4,268.6",196.2,634.1,"5,547.3"
Colorado,Lakewood,146404,1.4,64.2,101.1,295.1,626.3,"3,538.2",415.3,461.7,"4,579.8"
California,Lancaster,159155,5.0,33.9,196.7,304.1,655.3,"1,288.7",253.8,539.7,"2,197.9"
Michigan,Lansing,114688,11.3,80.2,177.0,671.4,"1,139.6","1,920.9",230.2,939.9,"3,290.7"
Texas,Laredo,245558,3.3,33.0,74.5,311.1,699.6,"3,496.5",155.2,421.9,"4,351.3"
Arkansas,Little Rock,196055,23.0,69.9,411.6,811,"2,164.7","5,337.8",558.5,"1,315.4","8,061"
Massachusetts,Lowell,108539,0.0,34.1,160.3,344.6,782.2,"1,825.2",271.8,539,"2,879.1"
Texas,Lubbock,237241,4.6,43.8,137.0,641.5,"1,306.3","3,552.9",314,827,"5,173.2"
Wisconsin,Madison,237508,1.3,48.0,101.5,226.9,674.1,"2,483.3",106.9,377.7,"3,264.3"
New Hampshire,Manchester,110040,0.9,65.4,186.3,314.4,771.5,"2,588.1",137.2,567.1,"3,496.9"
Texas,McAllen,135745,0.7,2.2,41.3,78.1,370.5,"3,499.9",155.4,122.3,"4,025.9"
Texas,McKinney,138105,0.0,39.1,42.0,84.7,356.3,"1,585.7",75.3,165.8,"2,017.3"
Texas,Mesquite,144811,1.4,9.7,126.4,167.8,"1,082.8","2,782.9",474.4,305.2,"4,340.1"
Florida,Miami Gardens,111177,22.5,14.4,331.9,468.6,"1,160.3","2,771.3",371.5,837.4,"4,303"
Texas,Midland,115637,3.5,18.2,45.0,277.6,483.4,"2,000.2",117.6,344.2,"2,601.2"
Florida,Miramar,125998,1.6,24.6,129.4,270.6,684.1,"1,508.8",175.4,426.2,"2,368.3"
California,Modesto,204631,9.8,28.8,219.9,518.5,"1,256.4","3,374.9",879.1,777,"5,510.4"
Alabama,Montgomery,209018,21.1,19.6,219.6,135.4,"1,631","3,611.2",526.7,395.7,"5,768.9"
California,Moreno Valley,199673,2.5,12.5,165.8,172.8,"1,010.7","1,730.8",449.2,353.6,"3,190.7"
Tennessee,Murfreesboro,112247,2.7,49.0,119.4,453.5,822.3,"2,582.7",163.9,624.5,"3,568.9"
California,Murrieta,106839,0.9,7.5,19.7,37.4,381.9,"1,101.7",121.7,65.5,"1,605.2"
Illinois,Naperville,142840,2.1,4.9,16.8,59.5,178.5,"1,223.7",28.7,83.3,"1,431"
Connecticut,New Haven,129934,13.1,42.3,649.6,734.2,"1,116.7","3,348.6",549.5,"1,439.2","5,014.9"
Virginia,Newport News,181591,11.0,27.5,149.2,227.4,566.7,"2,440.1",144.3,415.2,"3,151"
Virginia,Norfolk,245303,13.9,30.6,200.2,298.4,921.7,"3,425.6",296.4,543,"4,643.6"
Oklahoma,Norman,113969,0.9,45.6,47.4,57.9,551.9,"1,976",148.3,151.8,"2,676.2"
South Carolina,North Charleston,100675,12.9,60.6,210.6,448,848.3,"4,333.7",536.4,732.1,"5,718.4"
Nevada,North Las Vegas,221884,6.3,32.9,175.3,549.4,701.7,"1,362",430.4,763.9,"2,494.1"
California,Norwalk,107295,10.3,12.1,159.4,221.8,502.4,"1,432.5",496.8,403.6,"2,431.6"
California,Oceanside,171141,4.7,28.0,102.3,290.4,491.4,"1,754.7",260,425.4,"2,506.1"
Texas,Odessa,103635,4.8,41.5,136.1,881.9,743,"2,475",368.6,"1,064.3","3,586.6"
Kansas,Olathe,128560,0.0,29.6,18.7,100.3,245,"1,546.4",137.7,148.6,"1,929.1"
California,Ontario,167933,1.8,21.4,158.4,136.4,630,"1,797.7",583,318,"3,010.7"
California,Orange,139692,2.9,5.7,38.7,49.4,357.9,"1,463.2",206.9,96.6,"2,028"
Florida,Orlando,246513,9.7,41.8,244.6,721.3,"1,532.6","4,552.3",529,"1,017.4","6,613.8"
Kansas,Overland Park,177085,1.1,22.6,23.7,113.5,292,"1,828.5",183,160.9,"2,303.4"
California,Oxnard,201797,4.5,4.0,150.6,139.7,420.2,"1,326.6",270.6,298.8,"2,017.4"
Florida,Palm Bay,104635,2.9,18.2,74.5,432.9,687.2,"1,530.1",130.9,528.5,"2,348.2"
California,Palmdale,155294,3.9,23.8,144.2,350.9,666.5,"1,331.7",186.7,522.9,"2,184.9"
California,Pasadena,139382,3.6,15.1,123.4,168.6,639.3,"1,605.7",179.4,310.7,"2,424.3"
Texas,Pasadena,154562,5.2,33.6,95.1,268.5,646.3,"2,644.2",339,402.4,"3,629.6"
New Jersey,Paterson,147148,14.3,15.0,580.4,445.1,"1,100.3","1,436.6",616.4,"1,054.7","3,153.3"
Florida,Pembroke Pines,159744,1.3,8.8,52.0,87,529.6,"1,987.6",135.8,149,"2,653"
Arizona,Peoria,158347,5.7,15.2,48.6,117.5,586.7,"2,196.4",168,186.9,"2,951.1"
Illinois,Peoria,115288,8.7,21.7,281.0,485.7,"1,231.7","2,923.1",201.2,797.1,"4,356"
California,Pomona,151511,11.2,41.6,248.8,372.3,594.7,"2,009.1",732.6,673.9,"3,336.4"
Florida,Pompano Beach,103003,4.9,35.9,406.8,581.5,"1,245.6","3,763",391.3,"1,029.1","5,399.8"
Florida,Port St. Lucie,168416,2.4,27.9,32.7,171.6,484.5,"1,261.2",54,234.5,"1,799.7"
Rhode Island,Providence,177882,9.6,47.2,203.5,376.7,"1,084.4","2,745.6",654.4,636.9,"4,484.4"
Utah,Provo,116879,0.0,30.8,16.3,80.4,257.5,"1,754.8",96.7,127.5,"2,109"
Colorado,Pueblo,109065,7.3,19.3,182.5,521.7,"1,737.5","4,256.2",452,730.8,"6,445.7"
California,Rancho Cucamonga,169276,2.4,9.5,66.2,111.7,862.5,"1,433.8",280.6,189.6,"2,576.9"
Nevada,Reno,230486,3.0,14.3,141.9,357.9,708.5,"2,129.8",382.2,517.2,"3,220.6"
California,Rialto,101595,3.9,16.7,197.8,282.5,883.9,"1,769.8",861.3,501,"3,514.9"
Texas,Richardson,103266,1.9,26.1,77.5,60,675.9,"2,106.2",126.9,165.6,"2,909"
California,Richmond,106357,16.9,33.8,367.6,674.1,"1,445.1","1,518.5","1,754.5","1,092.5","4,718.1"
Virginia,Richmond,207799,20.2,18.3,304.6,305.6,976.9,"2,953.8",450,648.7,"4,380.7"
Minnesota,Rochester,108582,1.8,,50.7,95.8,455.9,"1,968.1",82,,"2,505.9"
New York,Rochester,211993,17.0,52.8,385.4,520.8,"1,404.8","3,624.2",293.4,976,"5,322.3"
Illinois,Rockford,152293,5.9,81.4,327.7,952.8,"1,460.3","3,285.1",250.2,"1,367.8","4,995.6"
California,Roseville,122896,1.6,12.2,68.4,156.2,422.3,"2,063.5",189.6,238.4,"2,675.4"
Texas,Round Rock,106232,0.0,30.1,42.4,60.2,316.3,"2,091.6",73.4,132.7,"2,481.4"
Oregon,Salem,157353,4.4,25.4,87.7,240.9,662.8,"3,150.9",463.9,358.4,"4,277.6"
California,Salinas,154413,13.6,26.6,316.0,308.9,788.8,"1,687.7",700.7,665.1,"3,177.2"
Utah,Salt Lake City,192465,4.2,63.4,164.2,443.7,947.7,"5,625.4",886.4,675.4,"7,459.5"
California,San Bernardino,214987,21.9,26.0,373.5,519.1,"1,306.6","2,321.5","1,260.5",940.5,"4,888.7"
California,Santa Clara,119360,0.0,8.4,51.1,125.7,489.3,"1,904.3",376.2,185.2,"2,769.8"
California,Santa Clarita,179248,0.6,16.7,53.6,119.9,343.7,"1,016.5",169.6,190.8,"1,529.7"
California,Santa Maria,101207,0.0,20.7,143.3,517.8,703.5,"1,302.3",395.2,681.8,"2,401"
California,Santa Rosa,170862,1.2,39.2,73.7,258.1,424.3,"1,625.3",184.9,372.2,"2,234.6"
Georgia,Savannah-Chatham Metropolitan,231285,9.9,10.8,212.3,146.6,900.6,"2,413.9",284.9,379.6,"3,599.5"
Arizona,Scottsdale,223432,1.3,18.8,51.5,75.6,561.7,"2,036.9",107.9,147.2,"2,706.4"
Louisiana,Shreveport,202164,8.4,45.5,214.2,498.6,"1,199.5","3,449.2",229.5,766.7,"4,878.2"
California,Simi Valley,126686,2.4,5.5,28.4,75,314.2,"1,100.4",97.9,111.3,"1,512.4"
South Dakota,Sioux Falls,158354,1.3,87.8,44.2,265.2,567.7,"2,426.8",188.8,398.5,"3,183.4"
Indiana,South Bend,101398,17.8,54.2,311.6,229.8,"1,720","2,759.4",281.1,613.4,"4,760.4"
Washington,Spokane,212163,6.1,38.2,253.1,347.8,"1,803.8","5,938.8",987.4,645.3,"8,730.1"
Illinois,Springfield,117131,8.5,64.9,222.0,676.2,"1,425.8","4,296.9",206.6,971.6,"5,929.3"
Massachusetts,Springfield,154518,7.1,25.2,350.8,656.2,"1,499.5","2,554.4",491.9,"1,039.4","4,545.7"
Missouri,Springfield,160962,9.9,87.6,219.3,674.7,"1,376.1","6,981.8",652.9,991.5,"9,010.8"
Florida,St. Petersburg,248340,6.0,37.9,235.6,622.1,"1,181","3,479.9",352.7,901.6,"5,013.7"
Connecticut,Stamford,124201,4.0,20.1,116.7,141.7,233.5,"1,185.2",136.9,282.6,"1,555.5"
Michigan,Sterling Heights,129974,3.1,12.3,23.1,140,274.7,"1,584.2",124.6,178.5,"1,983.5"
California,Sunnyvale,143606,2.1,9.7,49.4,57.1,364.9,"1,181",233.3,118.4,"1,779.2"
Arizona,Surprise,120793,2.5,6.6,51.3,73.7,429.7,"1,532.4",97.7,134.1,"2,059.7"
New York,Syracuse,145934,9.6,51.4,311.1,568.1,"1,299.2","2,534",261.8,940.2,"4,095"
Washington,Tacoma,202646,5.9,45.9,239.8,505.3,"1,463.1","3,945.3",940.6,797,"6,349"
Florida,Tallahassee,185461,6.5,62.0,283.1,501.5,"1,418.1","2,945.6",282.5,853,"4,646.3"
California,Temecula,103414,0.0,9.7,51.3,32.9,568.6,"1,585.9",205,93.8,"2,359.4"
Arizona,Tempe,166061,6.6,26.5,152.4,343.2,752.7,"3,664.3",294.5,528.7,"4,711.5"
Colorado,Thornton,123115,0.8,47.1,33.3,188.4,386.6,"1,974.6",284.3,269.7,"2,645.5"
California,Thousand Oaks,129171,0.0,17.8,35.6,68.1,215.2,"1,138",69.7,121.5,"1,422.9"
Kansas,Topeka,128843,11.6,30.3,183.9,373.3,991.1,"3,855.1",463.4,599.2,"5,309.6"
California,Torrance,147851,2.7,11.5,62.2,52.1,357.8,"1,233",228.6,128.5,"1,819.4"
Texas,Tyler,100040,3.0,45.0,92.0,395.8,"1,024.6","3,348.7",130.9,535.8,"4,504.2"
California,Vallejo,117912,11.9,37.3,322.3,373.2,"2,279.7","1,425.6","1,250.9",744.6,"4,956.2"
Washington,Vancouver,166375,3.0,43.3,103.4,206.2,627.5,"2,610.4",655.7,355.8,"3,893.6"
California,Ventura,108511,0.9,22.1,129.0,133.6,717,"2,603.4",259.9,285.7,"3,580.3"
California,Victorville,118687,5.1,33.7,187.0,343.8,"1,547.8","1,669.1",545.1,569.6,"3,762"
California,Visalia,127604,3.9,34.5,105.0,282.9,961.6,"2,960.7",412.2,426.3,"4,334.5"
Texas,Waco,128595,4.7,49.0,141.5,298.6,"1,205.3","3,218.6",120.5,493.8,"4,544.5"
Michigan,Warren,134340,0.0,67.7,110.2,354.3,743.6,"1,525.2",550.1,532.2,"2,819"
Connecticut,Waterbury,110486,4.5,6.3,167.4,118.6,599.2,"3,202.2",464.3,296.9,"4,265.7"
California,West Covina,107861,1.9,10.2,100.1,148.3,506.2,"1,979.4",503.4,260.5,"2,989"
Utah,West Jordan,107103,1.9,22.4,30.8,130.7,442.6,"2,113.9",212.9,185.8,"2,769.3"
Florida,West Palm Beach,102422,16.6,30.3,326.1,428.6,"1,258.5","3,711.1",306.6,801.6,"5,276.2"
Utah,West Valley,133725,0.7,67.3,89.7,290.1,702.9,"2,970.3",491.3,447.9,"4,164.5"
Colorado,Westminster,109461,1.8,26.5,46.6,184.5,360.9,"1,960.5",264,259.5,"2,585.4"
Texas,Wichita Falls,105488,4.7,34.1,142.2,269.2,"1,193.5","3,348.2",218,450.3,"4,759.8"
North Carolina,Wilmington,109370,7.3,21.0,238.6,298.1,"1,548.9","3,513.8",341,565.1,"5,403.7"
North Carolina,Winston-Salem,234687,2.6,31.5,182.4,446.6,"1,929.8","3,617.6",290.6,663,"5,838"
New Jersey,Woodbridge Township,100612,0.0,3.0,54.7,63.6,335.9,"1,504.8",114.3,121.3,"1,955"
Massachusetts,Worcester,183247,4.4,18.0,228.7,708.3,"1,113.3","2,143",253.8,959.4,"3,510"
New York,Yonkers,198464,2.0,14.1,212.6,342.1,269.6,906.5,116.4,570.9,"1,292.4"
California,Alameda,75467,1.3,11.91,106.0,92.8,392.2,"1,723.9",390.9,212.0,"2,507.1"
Georgia,Albany,78512,5.1,34.4,285.3,710.7,"1,793.4","4,291.1",285.3,"1,035.5","6,369.7"
New York,Albany,98187,4.1,43.8,253.6,515.3,903.4,"3,359.9",156.8,816.8,"4,420.1"
California,Alhambra,84469,0.0,2.4,78.1,95.9,384.8,"1,585.2",301.9,176.4,"2,271.8"
Texas,Allen,88783,0.0,12.4,14.6,34.9,242.2,"1,321.2",49.6,61.9,"1,612.9"
Georgia,Alpharetta,60031,1.7,10.0,30.0,28.3,211.6,"1,792.4",45.0,70.0,"2,048.9"
California,Apple Valley,70823,4.2,9.9,91.8,206.1,979.9,"1,379.5",286.6,312.0,"2,646.0"
Wisconsin,Appleton,73431,0.0,38.1,30.0,222.0,345.9,"1,513.0",36.8,290.1,"1,895.7"
Illinois,Arlington Heights,75463,1.3,9.3,10.6,33.1,185.5,"1,088.0",22.5,54.3,"1,296.0"
North Carolina,Asheville,85295,7.0,38.7,165.3,284.9,869.9,"4,492.6",393.9,495.9,"5,756.5"
Washington,Auburn,72218,8.3,31.8,152.3,150.9,"1,362.5","3,344.0",811.4,343.4,"5,518.0"
Arizona,Avondale,78364,8.9,5.1,91.9,191.4,874.1,"3,511.8",312.6,297.3,"4,698.6"
California,Baldwin Park,76644,2.6,6.5,95.2,236.2,437.1,"1,123.4",507.5,340.5,"2,068.0"
New Jersey,Bayonne,64036,0.0,9.4,64.0,132.7,320.1,874.5,81.2,206.1,"1,275.8"
Texas,Baytown,74420,6.7,20.2,130.3,174.7,"1,261.8","3,276.0",412.5,331.9,"4,950.3"
Oregon,Beaverton,92276,0.0,22.8,39.0,91.0,212.4,"1,262.5",119.2,152.8,"1,594.1"
California,Bellflower,77886,7.7,14.1,173.3,195.2,535.4,"1,137.6",640.7,390.3,"2,313.6"
Washington,Bellingham,82665,0.0,35.1,64.1,166.9,742.8,"3,898.9",166.9,266.1,"4,808.6"
Pennsylvania,Bensalem Township,60665,1.6,11.5,64.3,54.4,553.9,"2,934.1",146.7,131.9,"3,634.7"
Pennsylvania,Bethlehem,75388,2.7,25.2,160.5,127.3,500.1,"1,973.8",110.1,315.7,"2,584.0"
North Dakota,Bismarck,64103,1.6,48.4,25.0,265.2,499.2,"2,374.3",160.7,340.1,"3,034.2"
Illinois,Bloomington,77107,1.3,54.5,58.4,368.3,463.0,"1,810.5",57.1,482.4,"2,330.5"
Indiana,Bloomington,81636,3.7,22.0,51.4,220.5,761.9,"3,026.9",185.0,297.7,"3,973.7"
Minnesota,Bloomington,84596,0.0,,69.7,74.5,268.3,"3,437.5",91.0,,"3,796.9"
Florida,Boca Raton,86493,0.0,13.9,71.7,104.1,567.7,"2,271.9",116.8,189.6,"2,956.3"
Illinois,Bolingbrook,73836,1.4,21.7,67.7,153.0,219.4,"1,273.1",50.1,243.8,"1,542.6"
Louisiana,Bossier City,63116,3.2,30.1,82.4,258.3,660.7,"3,088.0",109.3,373.9,"3,858.0"
Florida,Boynton Beach,69937,7.1,11.4,181.6,370.3,896.5,"3,160.0",215.9,570.5,"4,272.4"
New Jersey,Brick Township,75809,0.0,7.9,21.1,77.8,349.6,"1,271.6",21.1,106.8,"1,642.3"
Connecticut,Bristol,60688,4.9,14.8,84.0,49.4,585.0,"1,850.4",184.6,153.2,"2,620.0"
Massachusetts,Brockton,95156,6.3,50.4,236.5,850.2,856.5,"2,150.2",220.7,"1,143.4","3,227.3"
Minnesota,Brooklyn Park,77346,5.2,,117.7,157.7,637.4,"2,587.1",174.5,,"3,399.0"
Texas,Bryan,78479,1.3,39.5,87.9,268.9,632.0,"2,407.0",112.1,397.6,"3,151.2"
California,Buena Park,82505,1.2,15.8,93.3,139.4,414.5,"1,715.0",374.5,249.7,"2,504.1"
Minnesota,Burnsville,61218,0.0,,27.8,140.5,330.0,"2,509.1",117.6,,"2,956.6"
California,Camarillo,66506,0.0,7.5,31.6,52.6,209.0,"1,153.3",73.7,91.7,"1,436.0"
New Jersey,Camden,77665,86.3,95.3,972.1,"1,412.5","1,402.2","2,850.7",906.5,"2,566.1","5,159.3"
Ohio,Canton,72914,13.7,87.8,567.8,330.5,"2,180.7","3,663.2",632.3,999.8,"6,476.1"
Indiana,Carmel,81819,0.0,2.4,7.3,3.7,138.1,793.2,56.2,13.4,987.5
California,Carson,93233,7.5,15.0,152.3,382.9,644.6,"1,671.1",589.9,557.7,"2,905.6"
Illinois,Champaign,81329,3.7,62.7,166.0,678.7,887.8,"2,332.5",99.6,911.1,"3,319.8"
New York,Cheektowaga Town,79178,0.0,24.0,83.4,113.7,426.9,"3,026.1",109.9,221.0,"3,562.9"
New Jersey,Cherry Hill Township,71337,1.4,0.0,77.1,78.5,379.9,"2,645.2",127.6,157.0,"3,152.6"
Wyoming,Cheyenne,60969,0.0,34.4,34.4,160.7,418.2,"2,837.5",157.5,229.6,"3,413.2"
California,Chico,87090,1.1,52.8,109.1,160.8,893.3,"1,445.6",291.7,323.8,"2,630.6"
California,Chino Hills,76632,0.0,2.6,28.7,52.2,456.7,706.0,84.8,83.5,"1,247.5"
California,Chino,79792,1.3,11.3,65.2,287.0,704.3,"1,653.0",294.5,364.7,"2,651.9"
Illinois,Cicero,84300,5.9,21.4,217.1,205.2,843.4,"1,453.1",338.1,449.6,"2,634.6"
California,Citrus Heights,85112,2.3,15.3,117.5,251.4,734.3,"2,369.8",558.1,386.5,"3,662.2"
New York,Clarkstown Town,80186,0.0,5.0,33.7,56.1,133.4,"1,719.8",31.2,94.8,"1,884.4"
New Jersey,Clifton,84684,0.0,15.4,94.5,107.5,422.7,"1,275.3",166.5,217.3,"1,864.6"
Michigan,Clinton Township,97001,0.0,39.2,59.8,201.0,491.7,"1,620.6",186.6,300.0,"2,298.9"
California,Clovis,97828,3.1,34.8,58.3,127.8,976.2,"2,744.6",393.5,223.9,"4,114.4"
Texas,College Station,96567,3.1,35.2,39.4,430.8,596.5,"1,824.6",62.1,508.5,"2,483.2"
New York,Colonie Town,77853,0.0,0.0,37.2,21.8,274.9,"2,372.4",71.9,59.1,"2,719.2"
California,Compton,98057,21.4,33.7,436.5,750.6,585.4,"1,025.9",835.2,"1,242.1","2,446.5"
Arkansas,Conway,60700,1.6,47.8,125.2,240.5,675.5,"3,341.0",166.4,415.2,"4,182.9"
Minnesota,Coon Rapids,62301,1.6,,25.7,67.4,311.4,"2,669.3",96.3,,"3,077.0"
Iowa,Council Bluffs,62708,1.6,106.8,129.2,948.8,"1,546.9","4,540.1",754.3,"1,186.5","6,841.2"
Rhode Island,Cranston,80315,2.5,19.9,42.3,97.1,488.1,"1,695.8",191.7,161.9,"2,375.6"
Connecticut,Danbury,81891,1.2,28.1,55.0,48.8,350.5,"1,466.6",90.4,133.1,"1,907.4"
Florida,Davie,94952,5.3,24.2,77.9,281.2,702.5,"2,701.4",253.8,388.6,"3,657.6"
California,Davis,66628,0.0,30.0,46.5,66.0,585.3,"1,499.4",130.6,142.6,"2,215.3"
Florida,Daytona Beach,61861,6.5,37.2,289.4,822.8,"1,291.6","4,403.4",559.3,"1,155.8","6,254.3"
Michigan,Dearborn,97215,1.0,24.7,110.1,195.4,475.2,"2,533.6",367.2,331.2,"3,376.0"
Illinois,Decatur,76131,7.9,34.2,139.2,281.1,"1,209.8","1,898.0",107.7,462.4,"3,215.5"
Florida,Deerfield Beach,77431,5.2,22.0,192.4,245.4,767.1,"2,169.7",237.6,464.9,"3,174.4"
Florida,Delray Beach,62044,9.7,41.9,253.0,432.0,910.6,"3,594.2",249.8,736.6,"4,754.7"
Alabama,Dothan,66275,7.5,45.3,150.9,277.6,"1,336.9","2,894.0",196.2,481.3,"4,427.0"
Minnesota,Duluth,86830,2.3,,103.7,245.3,739.4,"3,509.2",198.1,,"4,446.6"
Minnesota,Eagan,65180,0.0,,16.9,23.0,277.7,"1,996.0",67.5,,"2,341.2"
New Jersey,East Orange,64682,7.7,34.0,219.5,301.5,539.6,739.0,522.6,562.8,"1,801.1"
Minnesota,Eden Prairie,62052,0.0,,4.8,17.7,172.4,"1,347.3",32.2,,"1,551.9"
Texas,Edinburg,80332,1.2,36.1,62.2,344.8,"1,066.8","4,563.6",260.2,444.4,"5,890.6"
Oklahoma,Edmond,83473,2.4,14.4,24.0,61.1,363.0,"1,593.3",56.3,101.8,"2,012.6"
California,Encinitas,60960,1.6,19.7,37.7,187.0,477.4,"1,524.0",124.7,246.1,"2,126.0"
Illinois,Evanston,74820,4.0,5.3,105.6,189.8,562.7,"2,098.4",84.2,304.7,"2,745.3"
Connecticut,Fairfield,60122,0.0,3.3,21.6,29.9,384.2,"1,663.3",116.4,54.9,"2,163.9"
Massachusetts,Fall River,89753,2.2,57.9,291.9,710.8,862.4,"1,848.4",304.2,"1,062.9","3,014.9"
Michigan,Farmington Hills,80316,1.2,18.7,14.9,57.3,287.6,"1,129.3",156.9,92.1,"1,573.8"
Arkansas,Fayetteville,75387,1.3,76.9,53.1,383.4,668.6,"3,191.5",176.4,514.7,"4,036.5"
Washington,Federal Way,91978,3.3,46.8,115.2,156.6,"1,026.3","3,657.4",867.6,321.8,"5,551.3"
Indiana,Fishers,79375,0.0,1.3,11.3,5.0,127.2,873.1,34.0,17.6,"1,034.3"
Arizona,Flagstaff,66633,0.0,42.0,67.5,283.6,363.2,"3,801.4",88.5,393.2,"4,253.1"
Texas,Flower Mound,68023,0.0,0.0,7.4,23.5,157.3,645.4,25.0,30.9,827.7
California,Folsom,73678,0.0,9.5,32.6,73.3,319.0,"1,307.0",107.2,115.4,"1,733.2"
Florida,Fort Myers,64379,37.3,40.4,267.2,826.4,787.5,"2,545.9",310.7,"1,171.2","3,644.0"
Arkansas,Fort Smith,87483,5.7,78.9,108.6,592.1,"1,216.2","4,028.2",209.2,785.3,"5,453.6"
Massachusetts,Framingham,69605,0.0,10.1,30.2,181.0,364.9,"1,270.0",143.7,221.2,"1,778.6"
New Jersey,"Franklin Township, Somerset County",62885,1.6,3.2,74.7,35.0,562.9,"1,122.7",143.1,114.5,"1,828.7"
Tennessee,Franklin,64848,1.5,17.0,17.0,107.9,138.8,"1,390.9",63.2,143.4,"1,593.0"
Maryland,Frederick,66808,1.5,38.9,158.7,371.2,366.7,"2,285.7",190.1,570.3,"2,842.5"
Indiana,Gary,80472,46.0,69.6,341.7,447.4,"2,030.5","2,567.4",963.1,904.7,"5,560.9"
North Carolina,Gastonia,72782,1.4,39.8,215.7,361.4,"1,343.7","4,224.9",273.4,618.3,"5,842.1"
New Jersey,Gloucester Township,64898,0.0,10.8,63.2,246.5,607.1,"1,670.3",95.5,320.5,"2,373.0"
Arizona,Goodyear,67033,0.0,17.9,35.8,100.0,714.6,"1,772.3",159.6,153.7,"2,646.5"
New York,Greece Town,96752,0.0,18.6,47.5,67.2,423.8,"2,138.5",79.6,133.3,"2,641.8"
Colorado,Greeley,96276,1.0,41.5,66.5,333.4,563.0,"2,659.0",146.5,442.5,"3,368.4"
North Carolina,Greenville,86869,8.1,26.5,194.5,294.7,"1,300.8","2,988.4",137.0,523.8,"4,426.2"
South Carolina,Greenville,60953,1.6,34.5,170.6,628.4,989.3,"3,955.5",342.9,835.1,"5,287.7"
Connecticut,Greenwich,61948,0.0,3.2,9.7,24.2,72.6,485.9,35.5,37.1,594.0
Connecticut,Hamden,61032,3.3,4.9,63.9,455.5,321.1,"1,784.3",158.9,527.6,"2,264.4"
New Jersey,"Hamilton Township, Mercer County",89111,0.0,11.2,110.0,89.8,548.8,"1,522.8",148.1,211.0,"2,219.7"
Ohio,Hamilton,62791,4.8,141.7,250.0,195.9,"2,052.8","5,124.9",328.1,592.4,"7,505.9"
Indiana,Hammond,81010,7.4,22.2,237.0,554.3,"1,155.4","2,645.4",455.5,820.9,"4,256.3"
Texas,Harlingen,67112,6.0,34.3,92.4,271.2,903.0,"3,807.1",165.4,403.8,"4,875.4"
Massachusetts,Haverhill,61897,3.2,19.4,84.0,568.7,634.9,"1,486.3",203.6,675.3,"2,324.8"
California,Hawthorne,85692,8.2,30.3,358.3,346.6,671.0,"1,328.0",546.1,743.4,"2,545.2"
California,Hemet,81213,1.2,25.9,179.8,293.1,"1,295.4","2,407.3",589.8,499.9,"4,292.4"
California,Hesperia,92383,6.5,18.4,74.7,335.6,992.6,"1,282.7",433.0,435.1,"2,708.3"
Oregon,Hillsboro,94119,2.1,36.1,55.2,97.7,343.2,"1,823.2",122.2,191.2,"2,288.6"
Florida,Homestead,62785,6.4,52.6,501.7,"1,103.8","1,396.8","3,426.0",299.4,"1,664.4","5,122.2"
Alabama,Hoover,82332,2.4,15.8,55.9,30.4,477.3,"2,067.2",103.2,104.5,"2,647.8"
California,Indio,78501,2.5,28.0,194.9,347.8,"1,065.0","1,867.5",622.9,573.2,"3,555.4"
Iowa,Iowa City,69214,1.4,41.9,44.8,179.2,559.1,"2,014.0",88.1,267.3,"2,661.3"
Tennessee,Jackson,65725,16.7,33.5,290.6,"1,138.1","1,478.9","3,254.5",205.4,"1,478.9","4,938.8"
Wisconsin,Janesville,63642,3.1,33.0,55.0,190.1,532.7,"3,235.3",102.1,281.3,"3,870.1"
Georgia,Johns Creek,80037,0.0,3.7,20.0,30.0,129.9,507.3,20.0,53.7,657.2
Tennessee,Johnson City,64342,1.6,21.8,79.3,393.2,839.3,"3,478.3",150.8,495.8,"4,468.3"
Arkansas,Jonesboro,68807,5.8,30.5,113.4,279.0,"1,694.6","2,745.4",148.2,428.7,"4,588.2"
California,Jurupa Valley,97577,1.0,12.3,95.3,211.1,749.2,"1,823.2",680.5,319.7,"3,252.8"
Michigan,Kalamazoo,74797,12.0,102.9,220.6,542.8,"1,116.4","2,854.4",200.5,878.4,"4,171.3"
Louisiana,Kenner,67110,3.0,17.9,90.9,95.4,576.7,"2,939.9",222.0,207.1,"3,738.6"
Washington,Kennewick,76971,1.3,42.9,45.5,207.9,584.6,"2,332.0",165.0,297.5,"3,081.7"
Wisconsin,Kenosha,99993,1.0,36.0,105.0,132.0,707.0,"2,194.2",98.0,274.0,"2,999.2"
Florida,Kissimmee,62183,3.2,54.7,194.6,652.9,"1,321.9","3,457.5",225.1,905.4,"5,004.6"
California,La Habra,61731,3.2,11.3,72.9,150.7,413.1,"1,278.1",171.7,238.1,"1,862.9"
Indiana,Lafayette,68160,1.5,52.8,101.2,441.6,"1,046.1","3,494.7",290.5,597.1,"4,831.3"
California,Laguna Niguel,64533,0.0,9.3,24.8,38.7,291.3,838.3,54.2,72.8,"1,183.9"
California,Lake Forest,79166,0.0,10.1,25.3,99.8,286.7,"1,008.0",79.6,135.2,"1,374.3"
Florida,Lakeland,99934,10.0,33.0,144.1,278.2,"1,296.9","3,737.5",185.1,465.3,"5,219.4"
New Jersey,Lakewood Township,93742,2.1,1.1,49.1,65.1,292.3,837.4,46.9,117.3,"1,176.6"
California,Lakewood,81382,1.2,16.0,125.3,136.4,455.9,"1,696.9",380.9,278.9,"2,533.7"
Pennsylvania,Lancaster,60155,11.6,61.5,345.8,354.1,729.8,"3,908.2",182.9,773.0,"4,820.9"
Florida,Largo,78783,1.3,54.6,144.7,299.6,728.6,"3,062.8",165.0,500.1,"3,956.4"
New Mexico,Las Cruces,99824,5.0,56.1,70.1,263.5,992.7,"3,219.7",214.4,394.7,"4,426.8"
Florida,Lauderhill,69046,11.6,27.5,350.5,460.6,"1,793.0","2,188.4",267.9,850.2,"4,249.3"
Kansas,Lawrence,89180,0.0,58.3,59.4,297.2,677.3,"3,577.0",227.6,414.9,"4,481.9"
Massachusetts,Lawrence,77661,2.6,32.2,287.1,688.9,690.2,956.7,883.3,"1,010.8","2,530.2"
Oklahoma,Lawton,98781,13.2,38.5,175.1,704.6,"1,579.3","3,390.3",302.7,931.4,"5,272.3"
Utah,Layton,69420,0.0,47.5,10.1,63.4,469.6,"2,179.5",99.4,121.0,"2,748.5"
Texas,League City,86127,0.0,18.6,32.5,40.6,347.2,"1,586.0",80.1,91.7,"2,013.3"
Missouri,Lee's Summit,91840,0.0,14.2,26.1,78.4,286.4,"1,912.0",117.6,118.7,"2,316.0"
California,Livermore,82800,0.0,18.1,38.6,306.8,374.4,"1,593.0",212.6,363.5,"2,180.0"
Michigan,Livonia,96028,3.1,19.8,33.3,95.8,336.4,"1,667.2",208.3,152.0,"2,211.9"
California,Lodi,63718,3.1,18.8,135.0,282.5,"1,183.3","2,366.7",528.9,439.4,"4,078.9"
Colorado,Longmont,88925,0.0,12.4,33.7,165.3,403.7,"1,917.3",118.1,211.4,"2,439.1"
Texas,Longview,82554,8.5,33.9,158.7,359.8,"1,150.8","3,568.6",382.8,560.8,"5,102.1"
Ohio,Lorain,64148,6.2,53.0,212.0,235.4,"1,942.4","2,913.6",183.9,506.6,"5,039.9"
Colorado,Loveland,69147,0.0,31.8,31.8,146.1,328.3,"2,205.4",66.5,209.7,"2,600.3"
Virginia,Lynchburg,77347,3.9,44.0,59.5,237.9,471.9,"2,144.9",89.2,345.2,"2,706.0"
Massachusetts,Lynn,91846,2.2,52.3,185.1,581.4,760.0,"1,757.3",301.6,820.9,"2,818.8"
California,Lynwood,70908,12.7,33.8,297.6,418.9,493.6,709.4,733.3,763.0,"1,936.3"
Georgia,Macon,92836,22.6,44.2,260.7,300.5,"1,969.1","4,708.3",538.6,628.0,"7,216.0"
California,Madera,62796,3.2,30.3,181.5,527.1,"1,039.9",990.5,551.0,742.1,"2,581.4"
Massachusetts,Malden,60605,1.7,31.4,123.8,305.3,463.7,"1,310.1",211.2,462.0,"1,985.0"
California,Manteca,68887,0.0,16.0,120.5,248.2,659.1,"2,676.8",556.0,384.7,"3,891.9"
Minnesota,Maple Grove,62840,0.0,,17.5,20.7,251.4,"1,745.7",39.8,,"2,036.9"
Washington,Marysville,61381,3.3,26.1,58.7,101.0,648.4,"1,906.1",327.5,189.0,"2,882.0"
Oregon,Medford,76037,2.6,51.3,84.2,420.8,627.3,"4,950.2",232.8,558.9,"5,810.3"
Florida,Melbourne,77133,7.8,62.2,172.4,610.6,840.1,"3,379.9",154.3,853.1,"4,374.3"
California,Menifee,80047,1.2,5.0,30.0,72.5,633.4,"1,385.4",407.3,108.7,"2,426.1"
California,Merced,80976,11.1,30.9,265.5,692.8,"1,179.4","3,360.3",537.2,"1,000.3","5,076.8"
Connecticut,Meriden,60934,8.2,41.0,124.7,190.4,690.9,"2,007.1",275.7,364.3,"2,973.7"
Idaho,Meridian,77270,0.0,16.8,11.6,90.6,284.7,"1,281.2",25.9,119.1,"1,591.8"
Florida,Miami Beach,91066,5.5,46.1,446.9,534.8,"1,150.8","8,275.3",487.6,"1,033.3","9,913.7"
New Jersey,Middletown Township,66919,1.5,9.0,12.0,44.8,240.6,829.4,22.4,67.2,"1,092.4"
California,Milpitas,68433,1.5,16.1,49.7,51.1,485.1,"1,972.7",498.3,118.4,"2,956.2"
California,Mission Viejo,95599,0.0,3.1,29.3,43.9,225.9,979.1,47.1,76.4,"1,252.1"
Texas,Mission,80557,3.7,7.4,57.1,60.8,525.1,"2,219.5",197.4,129.1,"2,942.0"
Montana,Missoula,67758,0.0,36.9,48.7,240.6,557.9,"3,775.2",155.0,326.2,"4,488.0"
Texas,Missouri City,70819,0.0,11.3,48.0,62.1,309.2,865.6,66.4,121.4,"1,241.2"
California,Montebello,63538,4.7,6.3,105.4,113.3,"1,130.0",978.9,684.6,229.8,"2,793.6"
California,Monterey Park,61270,6.5,1.6,68.5,45.7,406.4,899.3,362.3,122.4,"1,668.0"
South Carolina,Mount Pleasant,70016,0.0,7.1,8.6,202.8,245.7,"1,428.2",82.8,218.5,"1,756.7"
New York,Mount Vernon,68146,14.7,20.5,330.2,534.1,475.4,"1,300.1",198.1,899.5,"1,973.7"
California,Mountain View,75933,0.0,6.6,44.8,152.8,234.4,"1,484.2",150.1,204.1,"1,868.8"
Indiana,Muncie,70300,1.4,12.8,140.8,211.9,981.5,"2,903.3",288.8,367.0,"4,173.5"
Idaho,Nampa,83316,2.4,52.8,24.0,164.4,612.1,"1,908.4",96.0,243.7,"2,616.5"
California,Napa,78589,2.5,21.6,49.6,201.0,444.1,"1,365.3",281.2,274.8,"2,090.6"
New Hampshire,Nashua,86870,0.0,42.6,55.3,137.0,431.7,"2,189.5",96.7,234.8,"2,717.9"
Massachusetts,New Bedford,96031,2.1,56.2,283.2,731.0,967.4,"2,030.6",313.4,"1,072.6","3,311.4"
Texas,New Braunfels,60482,1.7,31.4,44.6,112.4,496.0,"2,840.5",152.1,190.1,"3,488.6"
Connecticut,New Britain,73458,4.1,6.8,243.7,177.0,"1,055.0","2,381.0",535.0,431.5,"3,971.0"
New York,New Rochelle,78025,0.0,3.8,116.6,111.5,230.7,"1,475.2",83.3,232.0,"1,789.2"
California,Newport Beach,87286,1.1,12.6,30.9,71.0,509.8,"1,845.7",108.8,115.7,"2,464.3"
Massachusetts,Newton,86710,0.0,5.8,19.6,62.3,213.4,799.2,18.5,87.6,"1,031.0"
New Jersey,North Bergen Township,61747,3.2,11.3,58.3,71.3,200.8,803.3,179.8,144.1,"1,183.9"
Arkansas,North Little Rock,63125,12.7,14.3,280.4,404.0,"1,907.3","6,168.7",590.9,711.3,"8,666.9"
Florida,North Miami,60964,4.9,34.4,351.0,464.2,"1,286.0","3,100.2",490.5,854.6,"4,876.6"
Texas,North Richland Hills,65750,1.5,27.4,35.0,194.7,457.8,"1,817.5",115.6,258.6,"2,390.9"
Pennsylvania,Northern York Regional,66974,3.0,4.5,20.9,70.2,150.8,"1,523.0",62.7,98.5,"1,736.5"
Connecticut,Norwalk,86693,3.5,10.4,78.4,221.5,288.4,"1,559.5",128.0,313.8,"1,975.9"
Missouri,O'Fallon,80670,2.5,6.2,5.0,78.1,155.0,"1,363.6",26.0,91.7,"1,544.6"
Utah,Ogden,85083,2.4,29.4,112.8,270.3,862.7,"3,585.9",253.9,414.9,"4,702.5"
New Jersey,Old Bridge Township,66057,3.0,3.0,22.7,56.0,216.5,"1,074.8",89.3,84.8,"1,380.6"
Utah,Orem,91953,2.2,12.0,22.8,7.6,220.8,"2,052.1",84.8,44.6,"2,357.7"
Wisconsin,Oshkosh,66514,0.0,19.5,27.1,240.6,511.2,"2,022.1",55.6,287.2,"2,588.9"
Illinois,Palatine,68890,1.5,8.7,11.6,20.3,47.9,"1,215.0",30.5,42.1,"1,293.4"
California,Palo Alto,66019,0.0,6.1,39.4,34.8,495.3,"1,566.2",72.7,80.3,"2,134.2"
Ohio,Parma,80963,0.0,4.9,17.3,46.9,58.1,491.6,7.4,69.2,557.0
Washington,Pasco,63806,1.6,20.4,64.3,217.8,656.7,"1,686.4",263.3,304.0,"2,606.3"
New Jersey,Passaic,70237,8.5,2.8,330.3,388.7,625.0,"1,228.7",223.5,730.4,"2,077.3"
Rhode Island,Pawtucket,71085,5.6,49.2,113.9,236.3,955.2,"1,959.6",530.4,405.1,"3,445.2"
Texas,Pearland,94702,1.1,19.0,29.6,80.3,292.5,"1,470.9",87.6,129.9,"1,851.1"
California,Perris,70616,4.2,8.5,133.1,194.0,691.1,"1,583.2",672.7,339.9,"2,946.9"
Texas,Pharr,73599,0.0,19.0,59.8,288.0,750.0,"2,212.0",195.7,366.9,"3,157.7"
California,Pico Rivera,63988,1.6,9.4,143.8,253.2,545.4,"1,661.2",575.1,407.9,"2,781.8"
California,Pittsburg,64890,4.6,9.2,127.9,92.5,"1,141.9","1,269.8",835.3,234.2,"3,247.0"
Florida,Plantation,87705,4.6,12.5,144.8,155.1,800.4,"2,909.8",215.5,317.0,"3,925.7"
California,Pleasanton,71875,1.4,5.6,25.0,36.2,229.6,"1,384.3",165.6,68.2,"1,779.5"
Minnesota,Plymouth,72020,0.0,,19.4,26.4,358.2,"1,262.1",43.0,,"1,663.4"
Maine,Portland,66413,1.5,49.7,123.5,85.8,618.9,"3,220.8",123.5,260.5,"3,963.1"
Virginia,Portsmouth,96739,11.4,42.4,188.1,234.7,"1,259.1","3,506.3",218.1,476.5,"4,983.5"
Massachusetts,Quincy,93736,0.0,33.1,89.6,305.1,528.1,"1,006.0",123.8,427.8,"1,657.8"
Wisconsin,Racine,79055,5.1,39.2,266.9,161.9,"1,392.7","2,466.6",164.4,473.1,"4,023.8"
New York,Ramapo Town,85448,0.0,5.9,15.2,72.6,160.3,658.9,18.7,93.6,837.9
California,Rancho Cordova,66214,13.6,42.3,169.1,368.5,635.8,"2,060.0",486.3,593.5,"3,182.1"
South Dakota,Rapid City,69979,5.7,158.6,78.6,364.4,844.5,"3,906.9",328.7,607.3,"5,080.1"
Pennsylvania,Reading,88557,16.9,49.7,431.4,437.0,"1,634.0","1,839.5",605.3,935.0,"4,078.7"
California,Redding,90974,3.3,72.5,144.0,555.1,"1,195.9","3,066.8",551.8,774.9,"4,814.6"
California,Redlands,70399,2.8,21.3,106.5,183.2,863.6,"2,818.2",568.2,313.9,"4,250.1"
California,Redondo Beach,67856,5.9,8.8,75.2,190.1,392.0,"1,802.3",157.7,280.0,"2,352.0"
California,Redwood City,78466,0.0,16.6,112.2,136.4,670.4,"1,428.6",195.0,265.1,"2,294.0"
Washington,Renton,93722,2.1,28.8,122.7,148.3,957.1,"3,252.2",658.3,302.0,"4,867.6"
New Mexico,Rio Rancho,89462,2.2,25.7,23.5,174.4,406.9,"1,548.1",173.3,225.8,"2,128.3"
Virginia,Roanoke,97780,9.2,40.9,144.2,360.0,961.3,"3,664.3",253.6,554.3,"4,879.3"
South Carolina,Rock Hill,68064,11.8,52.9,164.6,427.5,592.1,"2,950.2",240.9,656.7,"3,783.2"
Georgia,Roswell,92141,1.1,7.6,68.4,66.2,433.0,"1,332.7",102.0,143.3,"1,867.8"
California,San Clemente,65089,0.0,9.2,36.9,69.1,268.9,926.4,93.7,115.2,"1,289.0"
California,San Leandro,86869,2.3,17.3,312.0,171.5,804.7,"2,410.5",911.7,503.1,"4,126.9"
California,San Marcos,85810,2.3,12.8,66.4,183.0,426.5,"1,057.0",266.9,264.5,"1,750.4"
California,San Mateo,99303,0.0,13.1,81.6,168.2,287.0,"1,458.2",144.0,262.8,"1,889.2"
California,San Ramon,74013,0.0,4.1,17.6,39.2,197.3,855.3,95.9,60.8,"1,148.4"
Georgia,Sandy Springs,97890,3.1,5.1,100.1,82.7,724.3,"1,911.3",173.7,191.0,"2,809.3"
Utah,Sandy,90405,2.2,26.5,38.7,95.1,501.1,"2,287.5",157.1,162.6,"2,945.6"
California,Santa Barbara,89871,0.0,59.0,105.7,239.2,620.9,"2,697.2",148.0,403.9,"3,466.1"
California,Santa Cruz,60902,4.9,55.8,136.3,513.9,865.3,"4,587.7",433.5,711.0,"5,886.5"
New Mexico,Santa Fe,68751,2.9,21.8,158.5,298.2,"2,773.8","2,641.4",253.1,481.4,"5,668.3"
California,Santa Monica,91215,2.2,25.2,165.5,240.1,642.4,"2,887.7",195.1,433.0,"3,725.3"
Illinois,Schaumburg,74585,0.0,17.4,24.1,49.6,266.8,"2,984.5",83.1,91.2,"3,334.5"
New York,Schenectady,66631,10.5,48.0,298.7,582.3,"1,215.7","2,815.5",213.1,939.5,"4,244.3"
Pennsylvania,Scranton,76118,0.0,30.2,169.5,131.4,842.1,"2,359.5",152.4,331.1,"3,354.0"
Kansas,Shawnee,63542,0.0,17.3,18.9,97.6,239.2,"1,210.2",218.8,133.8,"1,668.2"
Michigan,Shelby Township,73960,0.0,27.0,12.2,77.1,220.4,"1,137.1",59.5,116.3,"1,417.0"
Iowa,Sioux City,83289,2.4,36.0,55.2,235.3,745.6,"3,175.7",244.9,329.0,"4,166.2"
Illinois,Skokie,65096,0.0,26.1,56.8,122.9,436.3,"1,892.6",93.7,205.8,"2,422.6"
Massachusetts,Somerville,77200,0.0,29.8,106.2,212.4,450.8,"1,616.6",165.8,348.4,"2,233.2"
California,South Gate,95966,9.4,15.6,276.1,275.1,427.2,"1,268.2",956.6,576.2,"2,652.0"
California,South San Francisco,65006,0.0,18.5,44.6,107.7,540.0,"1,203.0",289.2,170.8,"2,032.1"
Michigan,Southfield,72253,2.8,47.1,188.2,249.1,865.0,"2,117.6",545.3,487.2,"3,527.9"
Nevada,Sparks,92387,1.1,34.6,73.6,144.0,659.2,"1,850.9",259.8,253.3,"2,769.9"
Washington,Spokane Valley,91164,1.1,34.0,73.5,106.4,975.2,"3,821.7",473.9,215.0,"5,270.7"
Arkansas,Springdale,71668,1.4,79.5,41.9,340.5,637.7,"2,914.8",203.7,463.2,"3,756.2"
Ohio,Springfield,60329,8.3,63.0,295.0,252.0,"2,353.8","4,551.7",283.4,618.3,"7,188.9"
Oregon,Springfield,60119,0.0,28.3,49.9,94.8,687.0,"4,012.0",377.6,173.0,"5,076.6"
Missouri,St. Charles,66723,1.5,10.5,34.5,104.9,332.7,"2,492.4",95.9,151.4,"2,921.0"
Utah,St. George,75780,0.0,35.6,30.4,138.6,405.1,"1,540.0",114.8,204.5,"2,059.9"
Missouri,St. Joseph,77330,1.3,28.4,117.7,270.3,"1,284.1","4,324.3",479.8,417.7,"6,088.2"
Texas,Sugar Land,82924,0.0,4.8,44.6,82.0,348.5,"1,467.6",42.2,131.4,"1,858.3"
Florida,Sunrise,87168,1.1,21.8,107.8,133.1,916.6,"2,623.7",164.1,263.9,"3,704.3"
Florida,Tamarac,62382,8.0,20.8,118.6,158.7,979.4,"1,383.4",157.1,306.2,"2,520.0"
Michigan,Taylor,62534,1.6,49.6,95.9,337.4,900.3,"2,528.2",406.2,484.5,"3,834.7"
Texas,Temple,68194,1.5,32.3,108.5,154.0,,"2,101.4",130.5,296.2,
Indiana,Terre Haute,61152,6.5,47.4,139.0,119.4,"1,692.5","3,944.3",462.8,312.3,"6,099.6"
New Jersey,Toms River Township,92131,1.1,3.3,43.4,40.2,694.7,"2,404.2",41.2,87.9,"3,140.1"
California,Tracy,85047,4.7,9.4,77.6,78.8,333.9,"1,866.0",337.5,170.5,"2,537.4"
New Jersey,Trenton,85317,28.1,27.0,676.3,734.9,"1,513.2","1,155.7",549.7,"1,466.3","3,218.6"
Michigan,Troy,81567,2.5,11.0,15.9,44.1,221.9,"1,687.0",131.2,73.6,"2,040.0"
California,Tulare,60848,9.9,16.4,116.7,475.0,"1,176.7","2,221.9",545.6,617.9,"3,944.3"
California,Turlock,69730,2.9,28.7,139.1,467.5,894.9,"1,940.3",730.0,638.2,"3,565.2"
Alabama,Tuscaloosa,91973,4.3,40.2,184.8,290.3,"1,285.2","3,223.8",219.6,519.7,"4,728.6"
California,Tustin,77400,0.0,14.2,46.5,86.6,310.1,"1,656.3",169.3,147.3,"2,135.7"
California,Union City,71089,0.0,12.7,144.9,173.0,604.9,"1,506.6",431.9,330.6,"2,543.3"
New Jersey,Union City,67518,1.5,3.0,157.0,208.8,356.9,"1,319.6",197.0,370.3,"1,873.6"
California,Upland,75531,0.0,10.6,88.7,96.6,838.1,"1,759.5",484.6,195.9,"3,082.2"
Pennsylvania,Upper Darby Township,82978,3.6,19.3,325.4,274.8,268.7,"1,975.2",136.2,623.1,"2,380.1"
New York,Utica,62445,1.6,36.8,201.8,418.0,946.4,"3,225.2",158.5,658.2,"4,330.2"
California,Vacaville,93951,3.2,25.5,77.7,155.4,339.5,"1,639.2",183.1,261.8,"2,161.8"
Texas,Victoria,64076,7.8,48.4,73.4,502.5,927.0,"2,944.9",160.7,632.1,"4,032.7"
New Jersey,Vineland,61252,1.6,11.4,107.8,246.5,"1,133.0","2,945.2",70.2,367.3,"4,148.4"
California,Vista,96087,1.0,26.0,149.9,307.0,455.8,"1,163.5",342.4,483.9,"1,961.8"
California,Walnut Creek,65816,0.0,4.6,28.9,94.2,677.6,"2,222.9",214.2,127.6,"3,114.7"
Massachusetts,Waltham,61725,0.0,19.4,38.9,178.2,309.4,988.3,77.8,236.5,"1,375.5"
Georgia,Warner Robins,69231,8.7,30.3,203.7,286.0,"1,128.1","4,405.5",213.8,528.7,"5,747.4"
Rhode Island,Warwick,82282,1.2,18.2,35.2,69.3,405.9,"2,051.5",115.5,124.0,"2,572.9"
Michigan,Waterford Township,72224,0.0,26.3,44.3,124.6,412.6,"1,312.6",131.5,195.2,"1,856.7"
Iowa,Waterloo,68919,5.8,92.9,100.1,483.2,"1,201.4","2,307.1",139.3,682.0,"3,647.8"
Illinois,Waukegan,89468,2.2,52.5,178.8,235.8,698.6,"2,234.3",71.5,469.4,"3,004.4"
Wisconsin,Waukesha,71049,1.4,36.6,33.8,78.8,327.9,"1,462.4",45.0,150.6,"1,835.4"
Wisconsin,West Allis,60870,0.0,18.1,159.4,136.4,906.9,"3,670.1",216.9,313.8,"4,793.8"
Michigan,West Bloomfield Township,65157,3.1,3.1,13.8,35.3,227.1,813.4,18.4,55.3,"1,059.0"
Connecticut,West Hartford,63487,0.0,3.2,55.1,14.2,382.8,"2,123.3",163.8,72.5,"2,669.8"
Michigan,Westland,83299,1.2,73.2,96.0,235.3,690.3,"1,806.7",396.2,405.8,"2,893.2"
California,Westminster,91908,2.2,9.8,95.7,201.3,507.0,"2,269.7",351.4,309.0,"3,128.1"
Florida,Weston,67452,3.0,7.4,20.8,60.8,219.4,730.9,29.7,91.9,980.0
California,Whittier,86740,0.0,11.5,93.4,179.8,517.6,"2,026.7",340.1,284.8,"2,884.5"
Delaware,Wilmington,72088,36.1,47.2,657.5,962.7,"1,681.3","3,117.0",506.3,"1,703.5","5,304.6"
Minnesota,Woodbury,63190,0.0,,11.1,17.4,305.4,"1,910.1",76.0,,"2,291.5"
Washington,Yakima,93419,11.8,55.7,162.7,375.7,"1,683.8","3,324.8","1,172.1",605.9,"6,180.8"
California,Yorba Linda,65820,0.0,4.6,16.7,59.3,338.8,808.3,48.6,80.5,"1,195.7"
Pennsylvania,York Area Regional,60732,1.6,23.1,26.3,69.2,260.2,759.1,32.9,120.2,"1,052.2"
Ohio,Youngstown,66567,33.0,58.6,366.5,569.4,"2,612.4","2,435.1",414.6,"1,027.5","5,462.2"
California,Yuba City,65653,6.1,33.5,65.5,271.1,763.1,"1,975.5",280.3,376.2,"3,018.9"
Arizona,Yuma,95568,5.2,28.3,63.8,434.2,999.3,"2,262.3",246.9,531.6,"3,508.5"
Pennsylvania,"Abington Township, Montgomery County",55731,1.8,14.4,70.0,111.2,296.1,1650.8,32.3,197.4,1979.1
Oregon,Albany,51084,0.0,19.6,45.0,21.5,438.5,2470.4,184.0,86.1,3092.9
Louisiana,Alexandria,48449,18.6,28.9,293.1,1341.6,2010.4,5102.3,379.8,1682.2,7492.4
California,Aliso Viejo,48999,0.0,0.0,12.2,75.5,208.2,612.3,26.5,87.8,847.0
Florida,Altamonte Springs,42296,2.4,21.3,82.8,229.3,427.9,2463.6,165.5,335.7,3057.0
Pennsylvania,Altoona,46404,4.3,66.8,69.0,211.2,487.0,1381.3,77.6,351.3,1946.0
Iowa,Ames,59271,0.0,54.0,11.8,65.8,491.0,1909.9,52.3,131.6,2453.1
Indiana,Anderson,56132,1.8,96.2,133.6,249.4,1142.0,3584.4,368.8,481.0,5095.1
Iowa,Ankeny,46482,0.0,17.2,15.1,40.9,305.5,1039.1,40.9,73.1,1385.5
Florida,Apopka,43046,2.3,30.2,137.1,169.6,648.1,2269.7,139.4,339.2,3057.2
Minnesota,Apple Valley,49827,4.0,,32.1,36.1,218.8,1968.8,52.2,,2239.7
California,Arcadia,57295,0.0,1.7,38.4,59.3,591.7,1701.7,129.2,99.5,2422.5
Massachusetts,Arlington,43675,0.0,6.9,20.6,89.3,229.0,925.0,25.2,116.8,1179.2
Massachusetts,Attleboro,44033,0.0,43.1,52.2,227.1,556.4,1710.1,145.3,322.5,2411.8
Alabama,Auburn,54785,5.5,23.7,45.6,166.1,763.0,2646.7,93.1,240.9,3502.8
California,Azusa,47111,2.1,12.7,87.0,365.1,649.5,1564.4,341.7,467.0,2555.7
Massachusetts,Barnstable,45570,2.2,48.3,63.6,506.9,829.5,1858.7,96.6,621.0,2784.7
Illinois,Bartlett,41477,0.0,9.6,21.7,43.4,69.9,670.3,24.1,74.7,764.3
Tennessee,Bartlett,55510,0.0,12.6,34.2,191.0,225.2,1124.1,52.2,237.8,1401.5
Ohio,Beavercreek,45563,0.0,13.2,28.5,13.2,250.2,2074.1,30.7,54.9,2355.0
Texas,Bedford,48763,2.1,20.5,59.5,211.2,578.3,1993.3,157.9,293.3,2729.5
California,Bell Gardens,42769,7.0,4.7,156.7,123.9,259.5,720.1,722.5,292.3,1702.2
Nebraska,Bellevue,51678,1.9,38.7,25.2,40.6,299.9,1722.2,187.7,106.4,2209.8
Illinois,Berwyn,56933,1.8,35.1,77.3,84.3,764.1,1566.8,182.7,198.5,2513.5
Massachusetts,Beverly,40150,0.0,19.9,32.4,154.4,288.9,1252.8,27.4,206.7,1569.1
Massachusetts,Billerica,41016,2.4,24.4,17.1,92.6,217.0,868.0,56.1,136.5,1141.0
Mississippi,Biloxi,45037,2.2,66.6,188.7,159.9,1625.3,3153.0,255.3,417.4,5033.6
New York,Binghamton,47250,6.3,31.7,171.4,457.1,1181.0,3665.6,97.4,666.7,4943.9
Virginia,Blacksburg,43070,0.0,27.9,25.5,37.1,185.7,875.3,41.8,90.6,1102.9
Minnesota,Blaine,57953,0.0,,19.0,50.0,345.1,2874.7,96.6,,3316.5
Michigan,Bloomfield Township,41367,2.4,4.8,9.7,36.3,256.2,795.3,41.1,53.2,1092.7
New Jersey,Bloomfield,47620,2.1,2.1,153.3,107.1,552.3,1373.4,361.2,264.6,2286.9
Missouri,Blue Springs,52848,7.6,22.7,37.8,174.1,492.0,2607.5,244.1,242.2,3343.6
Ohio,Boardman,40608,2.5,14.8,76.3,12.3,672.3,3376.2,133.0,105.9,4181.4
Utah,Bountiful,43888,2.3,38.7,4.6,38.7,325.8,1704.3,111.6,84.3,2141.8
Maryland,Bowie,55765,1.8,0.0,68.1,71.7,313.8,1215.8,95.0,141.7,1624.7
Kentucky,Bowling Green,59043,6.8,61.0,127.0,125.3,926.4,3932.7,264.2,320.1,5123.4
Florida,Bradenton,50878,7.9,45.2,184.8,432.4,1004.4,2830.3,147.4,670.2,3982.1
California,Brea,40253,0.0,5.0,57.1,121.7,474.5,2613.5,121.7,183.8,3209.7
California,Brentwood,52811,1.9,7.6,79.5,98.5,454.5,1581.1,208.3,187.5,2243.9
New Jersey,Bridgewater Township,44884,0.0,8.9,11.1,8.9,189.4,1236.5,33.4,29.0,1459.3
Pennsylvania,Bristol Township,54796,0.0,16.4,133.2,54.7,662.5,2292.1,191.6,204.4,3146.2
Massachusetts,Brookline,59658,0.0,6.7,52.0,78.8,248.1,1067.8,30.2,137.5,1346.0
Colorado,Broomfield,58145,1.7,12.0,10.3,27.5,154.8,1850.5,80.8,51.6,2086.2
Arizona,Buckeye,52213,5.7,1.9,21.1,74.7,716.3,1769.7,141.7,103.4,2627.7
Illinois,Buffalo Grove,41687,0.0,0.0,7.2,4.8,88.8,798.8,4.8,12.0,892.4
Arizona,Bullhead City,40277,12.4,0.0,64.6,136.6,819.3,2967.0,250.8,213.5,4037.0
North Carolina,Burlington,51430,3.9,33.1,204.2,548.3,1304.7,3884.9,239.2,789.4,5428.7
Idaho,Caldwell,47223,2.1,14.8,14.8,224.5,563.3,1772.4,101.6,256.2,2437.4
California,Campbell,40339,0.0,44.6,79.3,99.2,919.7,2734.3,433.8,223.1,4087.9
Illinois,Carol Stream,40008,0.0,7.5,15.0,67.5,175.0,987.3,37.5,90.0,1199.8
Arizona,Casa Grande,50132,6.0,8.0,91.8,315.2,1530.0,3857.8,311.2,420.9,5699.0
Wyoming,Casper,56801,5.3,3.5,21.1,121.5,639.1,2642.6,183.1,151.4,3464.7
Colorado,Castle Rock,50038,2.0,24.0,14.0,50.0,203.8,1075.2,52.0,89.9,1331.0
California,Cathedral City,52867,3.8,18.9,128.6,234.6,1184.1,1235.2,561.8,385.9,2981.1
Texas,Cedar Hill,46633,0.0,23.6,81.5,122.2,787.0,2560.4,182.3,227.3,3529.7
Texas,Cedar Park,52051,0.0,21.1,17.3,171.0,178.7,1254.5,36.5,209.4,1469.7
California,Ceres,46167,0.0,32.5,119.1,244.8,853.4,2566.8,781.9,396.4,4202.1
California,Cerritos,49856,0.0,14.0,134.4,92.3,884.5,2513.2,353.0,240.7,3750.8
North Carolina,Chapel Hill,58586,3.4,17.1,51.2,76.8,771.5,1654.0,122.9,148.5,2548.4
Virginia,Charlottesville,43991,4.5,38.6,113.7,293.2,368.3,2832.4,213.7,450.1,3414.3
Michigan,Chesterfield Township,43474,0.0,16.1,32.2,230.0,296.7,1640.1,108.1,278.3,2044.9
Missouri,Chesterfield,47560,0.0,4.2,14.7,29.4,143.0,1402.4,42.1,48.4,1587.5
Massachusetts,Chicopee,55825,0.0,48.4,129.0,284.8,1135.7,1657.0,215.0,462.2,3007.6
Ohio,Cleveland Heights,45761,0.0,21.9,240.4,104.9,666.5,2768.7,166.1,367.1,3601.3
Tennessee,Cleveland,42068,0.0,68.9,92.7,720.3,946.1,4162.3,180.7,881.9,5289.1
California,Coachella,42034,11.9,21.4,159.4,437.7,1008.7,1855.6,816.0,630.4,3680.4
Florida,Coconut Creek,54651,1.8,18.3,58.6,117.1,494.0,2314.7,159.2,195.8,2967.9
Idaho,Coeur d'Alene,45267,0.0,57.4,30.9,486.0,952.1,3081.7,335.8,574.4,4369.6
Ohio,Colerain Township,58345,0.0,0.0,0.0,27.4,270.8,2396.1,1.7,27.4,2668.6
Tennessee,Collierville,44690,0.0,11.2,15.7,145.4,181.2,1761.0,42.5,172.3,1984.8
California,Colton,53431,0.0,18.7,157.2,177.8,984.4,1922.1,662.5,353.7,3569.1
Indiana,Columbus,44817,2.2,26.8,49.1,107.1,584.6,3944.9,401.6,185.2,4931.2
Colorado,Commerce City,47590,14.7,56.7,35.7,250.1,619.9,2103.4,260.6,357.2,2983.8
New Hampshire,Concord,42815,0.0,51.4,44.4,119.1,425.1,2482.8,63.1,214.9,2970.9
Texas,Conroe,59856,3.3,21.7,123.6,220.5,746.8,2507.7,188.8,369.2,3443.3
Texas,Coppell,40053,0.0,7.5,10.0,49.9,322.1,1295.8,37.5,67.4,1655.3
Florida,Coral Gables,48435,6.2,8.3,45.4,103.2,844.4,3627.5,229.2,163.1,4701.1
Oregon,Corvallis,55062,1.8,20.0,27.2,72.6,426.8,2094.0,54.5,121.7,2575.3
California,Covina,48588,4.1,26.8,113.2,166.7,808.8,2202.2,386.9,310.8,3398.0
Illinois,Crystal Lake,40785,0.0,17.2,24.5,110.3,149.6,1782.5,39.2,152.0,1971.3
California,Cupertino,59769,0.0,10.0,38.5,48.5,292.8,952.0,88.7,97.0,1333.5
Florida,Cutler Bay,41799,2.4,12.0,83.7,198.6,574.2,3638.8,227.3,296.7,4440.3
Ohio,Cuyahoga Falls,49470,0.0,34.4,26.3,70.7,464.9,1989.1,121.3,131.4,2575.3
California,Cypress,48976,0.0,4.1,34.7,75.5,373.7,1574.2,130.7,114.3,2078.6
California,Danville,43121,0.0,0.0,4.6,32.5,218.0,767.6,39.4,37.1,1025.0
Virginia,Danville,43324,6.9,34.6,124.6,145.4,974.1,3409.2,103.9,311.6,4487.1
Illinois,De Kalb,43722,0.0,77.8,64.0,306.5,478.0,2449.6,54.9,448.3,2982.5
Michigan,Dearborn Heights,57228,5.2,26.2,75.1,230.7,655.3,1163.8,382.7,337.2,2201.7
Alabama,Decatur,56126,3.6,16.0,142.5,265.5,1462.8,3499.3,228.1,427.6,5190.1
California,Delano,54318,0.0,11.0,97.6,395.8,1003.4,1016.2,625.9,504.4,2645.5
Illinois,Des Plaines,58644,0.0,6.8,22.2,81.8,233.6,1290.8,80.1,110.8,1604.6
Texas,Desoto,50795,2.0,21.7,84.7,151.6,1224.5,2051.4,232.3,259.9,3508.2
California,Diamond Bar,56470,0.0,1.8,30.1,65.5,626.9,929.7,129.3,97.4,1685.9
Florida,Doral,47427,0.0,10.5,33.7,132.8,493.4,4151.6,337.4,177.1,4982.4
Illinois,Downers Grove,48185,0.0,8.3,24.9,27.0,325.8,1699.7,37.4,60.2,2062.9
Utah,Draper,43600,2.3,13.8,9.2,73.4,350.9,1552.8,82.6,98.6,1986.2
California,Dublin,47004,0.0,8.5,42.5,127.6,329.8,1110.5,114.9,178.7,1555.2
Ohio,Dublin,42343,2.4,2.4,18.9,11.8,226.7,1036.8,21.3,35.4,1284.7
Iowa,Dubuque,58460,3.4,34.2,37.6,143.7,,1984.3,78.7,219.0,
Georgia,Dunwoody,47308,2.1,8.5,59.2,25.4,572.8,3263.7,236.7,95.1,4073.3
New Jersey,East Brunswick Township,48009,0.0,0.0,22.9,29.2,258.3,1491.4,39.6,52.1,1789.2
Connecticut,East Hartford,51431,3.9,50.6,161.4,157.5,703.9,2000.7,353.9,373.3,3058.5
Michigan,East Lansing,48701,0.0,34.9,39.0,164.3,441.5,1427.1,170.4,238.2,2039.0
Rhode Island,East Providence,46994,4.3,27.7,29.8,89.4,306.4,1342.7,125.5,151.1,1774.7
California,Eastvale,55439,0.0,1.8,27.1,45.1,461.8,1156.2,198.4,74.0,1816.4
Minnesota,Edina,48932,0.0,,10.2,16.3,228.9,1514.3,36.8,,1780.0
Washington,Edmonds,40609,2.5,9.9,49.3,78.8,640.3,1709.0,123.1,140.4,2472.4
New Jersey,Egg Harbor Township,43501,0.0,6.9,55.2,165.5,446.0,1443.6,73.6,227.6,1963.2
California,El Centro,43643,4.6,16.0,91.7,268.1,1681.8,3602.0,391.8,380.4,5675.6
Illinois,Elmhurst,44460,0.0,11.2,36.0,24.7,251.9,1086.4,60.7,72.0,1399.0
Connecticut,Enfield,44806,0.0,0.0,26.8,40.2,441.9,1319.0,69.2,67.0,1830.1
Oklahoma,Enid,49755,4.0,56.3,42.2,227.1,976.8,2817.8,180.9,329.6,3975.5
Texas,Euless,53228,0.0,18.8,71.4,88.3,608.7,2109.8,264.9,178.5,2983.4
Massachusetts,Everett,42476,4.7,25.9,155.4,214.2,586.2,1417.3,317.8,400.2,2321.3
New Jersey,Evesham Township,45849,0.0,4.4,17.4,43.6,248.6,1223.6,19.6,65.4,1491.9
Ohio,Fairfield,42727,9.4,16.4,65.5,250.4,454.0,2579.2,98.3,341.7,3131.5
New Mexico,Farmington,45328,8.8,178.7,86.0,787.6,732.4,3154.8,229.4,1061.2,4116.7
Massachusetts,Fitchburg,40809,2.5,51.5,115.2,612.6,752.3,1798.6,110.3,781.7,2661.2
Missouri,Florissant,52243,0.0,5.7,55.5,90.0,467.0,1506.4,266.1,151.2,2239.5
Wisconsin,Fond du Lac,43319,0.0,80.8,25.4,316.3,272.4,2440.0,80.8,422.4,2793.2
Florida,Fort Pierce,42566,7.0,72.8,321.9,707.1,1656.3,3589.7,216.1,1108.9,5462.1
California,Fountain Valley,56674,1.8,12.4,30.0,142.9,527.6,1875.6,188.8,187.0,2592.0
New York,Freeport Village,43248,11.6,9.2,249.7,212.7,490.2,1396.6,136.4,483.3,2023.2
Texas,Galveston,49170,4.1,75.2,240.0,282.7,1051.5,3644.5,325.4,602.0,5021.4
California,Gardena,59802,0.0,21.7,279.3,178.9,496.6,1197.3,515.0,479.9,2209.0
Texas,Georgetown,50304,0.0,27.8,9.9,93.4,292.2,1500.9,35.8,131.2,1828.9
California,Gilroy,50042,6.0,14.0,135.9,161.9,677.4,2432.0,463.6,317.7,3573.0
California,Glendora,50903,0.0,15.7,53.0,47.1,396.8,1999.9,143.4,115.9,2540.1
Illinois,Glenview,44909,0.0,20.0,15.6,51.2,256.1,788.3,22.3,86.8,1066.6
North Dakota,Grand Forks,53839,0.0,44.6,42.7,183.9,423.5,2026.4,167.2,271.2,2617.1
Nebraska,Grand Island,49583,0.0,80.7,42.4,203.7,740.2,3749.3,159.3,326.7,4648.8
Colorado,Grand Junction,59516,3.4,87.4,48.7,284.0,517.5,3856.1,218.4,423.4,4592.0
Texas,Grapevine,48095,2.1,27.0,27.0,91.5,341.0,2287.1,153.9,147.6,2782.0
Montana,Great Falls,59360,1.7,16.8,42.1,193.7,539.1,3938.7,219.0,254.4,4696.8
New York,Greenburgh Town,43409,0.0,0.0,36.9,76.0,152.0,1128.8,78.3,112.9,1359.2
Indiana,Greenwood,51746,1.9,5.8,36.7,324.7,400.0,2981.9,114.0,369.1,3495.9
New Jersey,Hackensack,43499,0.0,9.2,78.2,,246.0,1616.1,158.6,,2020.7
Maryland,Hagerstown,40275,7.4,27.3,186.2,268.2,769.7,2532.6,312.8,489.1,3615.1
Texas,Haltom City,44024,0.0,15.9,61.3,163.5,1013.1,2001.2,288.5,240.8,3302.7
New York,Hamburg Town,45166,0.0,6.6,13.3,57.6,418.5,2351.3,77.5,77.5,2847.3
California,Hanford,54787,3.7,43.8,107.7,408.9,615.1,2146.5,361.4,564.0,3123.0
Pennsylvania,Harrisburg,49753,22.1,112.6,779.9,546.7,1232.1,3326.4,317.6,1461.2,4876.1
Virginia,Harrisonburg,50524,2.0,27.7,49.5,138.5,300.8,1757.6,53.4,217.7,2111.9
Mississippi,Hattiesburg,46726,10.7,27.8,141.2,72.8,802.6,4671.9,235.4,252.5,5709.9
Pennsylvania,Haverford Township,48599,0.0,0.0,16.5,35.0,148.2,1012.4,28.8,51.4,1189.3
New York,Hempstead Village,54380,16.6,16.6,380.7,439.5,399.0,1169.5,255.6,853.3,1824.2
Tennessee,Hendersonville,52781,0.0,11.4,24.6,204.6,267.1,1462.6,53.0,240.6,1782.8
North Carolina,Hickory,40361,7.4,54.5,200.7,393.9,1176.9,4962.7,401.4,656.6,6541.0
California,Highland,54403,7.4,9.2,169.1,358.4,1156.2,1266.5,547.8,544.1,2970.4
New Jersey,Hoboken,50794,0.0,21.7,84.7,189.0,297.3,1462.8,198.8,295.3,1958.9
Illinois,Hoffman Estates,52148,0.0,24.9,49.9,51.8,247.4,1073.9,40.3,126.6,1361.5
Massachusetts,Holyoke,40260,0.0,82.0,216.1,650.8,1102.8,4855.9,273.2,948.8,6232.0
New Jersey,Howell Township,51379,0.0,1.9,17.5,60.3,332.8,885.6,23.4,79.8,1241.8
North Carolina,Huntersville,48524,0.0,12.4,41.2,121.6,375.1,1739.3,51.5,175.2,2165.9
California,Huntington Park,59079,6.8,15.2,411.3,198.0,407.9,1723.1,1113.8,631.4,3244.8
Kansas,Hutchinson,42357,2.4,61.4,56.7,498.1,1185.2,4469.2,292.7,618.6,5947.1
Idaho,Idaho Falls,58037,0.0,44.8,22.4,172.3,475.6,2345.1,117.2,239.5,2937.8
New York,Irondequoit Town,52045,1.9,7.7,71.1,71.1,637.9,2397.9,101.8,151.8,3137.7
New Jersey,Irvington,54274,16.6,36.9,597.0,654.1,1037.3,1468.5,1118.4,1304.5,3624.2
New Jersey,Jackson Township,55400,0.0,10.8,16.2,,514.4,817.7,23.5,,1355.6
Missouri,Jefferson City,43413,4.6,27.6,89.8,479.1,541.3,3019.8,92.1,601.2,3653.3
Indiana,Jeffersonville,45640,4.4,4.4,78.9,867.7,898.3,3054.3,311.1,955.3,4263.8
Missouri,Joplin,50654,3.9,53.3,138.2,373.1,1289.1,5764.6,523.2,568.6,7576.9
Florida,Jupiter,56674,0.0,19.4,65.3,118.2,414.7,1619.8,75.9,202.9,2110.3
New Jersey,Kearny,41310,0.0,7.3,128.3,106.5,297.7,1532.3,317.1,242.1,2147.2
Texas,Keller,41137,0.0,4.9,9.7,21.9,175.0,736.6,31.6,36.5,943.2
Ohio,Kettering,56423,0.0,39.0,35.4,14.2,561.8,1657.1,69.1,88.6,2288.1
Tennessee,Kingsport,49639,4.0,62.5,100.7,572.1,868.3,4808.7,265.9,739.3,5942.9
Washington,Kirkland,50243,0.0,27.9,47.8,107.5,656.8,2462.0,173.2,183.1,3292.0
Indiana,Kokomo,45636,8.8,32.9,133.7,212.6,1012.4,2835.5,221.3,387.9,4069.2
Wisconsin,La Crosse,51851,7.7,40.5,73.3,175.5,779.2,2894.8,94.5,297.0,3768.5
California,La Mesa,58444,3.4,18.8,150.6,210.5,600.6,2019.0,343.9,383.3,2963.5
California,La Mirada,49312,4.1,8.1,40.6,146.0,344.7,1020.0,208.9,198.7,1573.7
California,La Puente,40479,7.4,14.8,103.8,172.9,271.7,625.0,390.3,298.9,1287.1
Washington,Lacey,43540,9.2,13.8,20.7,133.2,542.0,2650.4,170.0,176.8,3362.4
California,Lake Elsinore,53912,3.7,5.6,105.7,126.1,996.1,2116.4,471.1,241.1,3583.6
Arizona,Lake Havasu City,53513,3.7,18.7,13.1,72.9,478.4,1891.1,164.4,108.4,2534.0
Minnesota,Lakeville,56805,0.0,,1.8,15.8,216.5,1091.5,22.9,,1330.9
Ohio,Lakewood,51721,5.8,5.8,65.7,46.4,471.8,1314.7,195.3,123.7,1981.8
Washington,Lakewood,59416,1.7,65.6,181.8,533.5,1203.4,3298.8,366.9,782.6,4869.1
Virginia,Leesburg,44889,2.2,24.5,40.1,93.6,102.5,2020.5,46.8,160.4,2169.8
Utah,Lehi,49375,0.0,8.1,6.1,22.3,255.2,1008.6,58.7,36.5,1322.5
Kansas,Lenexa,49222,2.0,18.3,10.2,87.4,188.9,1529.8,199.1,117.8,1917.8
Massachusetts,Leominster,41262,0.0,31.5,109.1,516.2,647.1,2423.5,118.8,656.8,3189.4
California,Lincoln,44378,0.0,2.3,11.3,18.0,457.4,570.1,112.7,31.5,1140.2
New Jersey,Linden,40926,2.4,12.2,136.8,168.6,395.8,1683.5,293.2,320.1,2372.6
Colorado,Littleton,43229,9.3,46.3,34.7,39.3,592.2,2107.4,187.4,129.5,2887.0
Utah,Logan,49672,0.0,2.0,6.0,56.4,414.7,1620.6,72.5,64.4,2107.8
Illinois,Lombard,43482,2.3,4.6,41.4,75.9,271.4,2318.2,36.8,124.2,2626.4
California,Lompoc,43120,7.0,37.1,62.6,408.2,723.6,1825.1,155.4,514.8,2704.1
Pennsylvania,Lower Merion Township,58252,0.0,3.4,54.9,22.3,329.6,1404.2,41.2,80.7,1775.0
Pennsylvania,Lower Paxton Township,47578,0.0,25.2,94.6,119.8,346.8,1811.8,35.7,239.6,2194.3
Alabama,Madison,43860,0.0,9.1,45.6,150.5,499.3,1835.4,100.3,205.2,2435.0
New Jersey,Manchester Township,43491,0.0,0.0,2.3,43.7,457.6,586.3,6.9,46.0,1050.8
Connecticut,Manchester,58444,1.7,20.5,78.7,89.0,492.8,2424.5,157.4,189.9,3074.7
Ohio,Mansfield,47480,2.1,56.9,195.9,120.1,2139.8,4431.3,179.0,374.9,6750.2
Texas,Mansfield,58490,3.4,39.3,37.6,46.2,288.9,1196.8,80.4,126.5,1566.1
Florida,Margate,55010,5.5,10.9,76.3,169.1,561.7,1350.7,110.9,261.8,2023.3
Arizona,Maricopa,44881,2.2,20.1,26.7,80.2,345.4,1412.6,122.5,129.2,1880.5
Georgia,Marietta,57969,1.7,20.7,227.7,567.5,855.6,3217.2,322.6,817.7,4395.5
New Jersey,Marlboro Township,40430,0.0,2.5,12.4,27.2,207.8,561.5,24.7,42.0,794.0
Ohio,Mentor,47123,0.0,31.8,57.3,23.3,218.6,2308.9,72.2,112.5,2599.6
Mississippi,Meridian,41347,24.2,79.8,299.9,162.0,1775.2,2965.1,432.9,565.9,5173.3
Massachusetts,Methuen,48051,0.0,2.1,29.1,131.1,295.5,1369.4,145.7,162.3,1810.6
Ohio,"Miami Township, Clermont County",41213,2.4,7.3,9.7,14.6,308.2,1589.3,19.4,34.0,1916.9
Pennsylvania,Middletown Township,45614,0.0,4.4,41.7,39.5,510.8,2876.3,107.4,85.5,3494.5
Connecticut,Middletown,47878,2.1,2.1,52.2,94.0,325.8,1380.6,173.4,150.4,1879.8
Ohio,Middletown,48959,2.0,63.3,167.5,500.4,2318.3,5702.7,204.3,733.3,8225.2
Michigan,Midland,42106,2.4,35.6,11.9,40.4,133.0,950.0,2.4,90.2,1085.4
Oklahoma,Midwest City,55768,10.8,64.6,82.5,371.2,1409.4,3507.4,430.4,529.0,5347.2
Connecticut,Milford,52817,0.0,3.8,62.5,20.8,284.0,2595.8,123.1,87.1,3002.8
Pennsylvania,"Millcreek Township, Erie County",53615,3.7,11.2,41.0,37.3,544.6,1438.0,56.0,93.3,2038.6
Minnesota,Minnetonka,50758,0.0,,9.9,29.6,364.5,1239.2,43.3,,1647.0
North Dakota,Minot,43460,0.0,46.0,13.8,172.6,179.5,1392.1,184.1,232.4,1755.6
Indiana,Mishawaka,48363,6.2,45.5,113.7,165.4,1035.9,4420.7,326.7,330.8,5783.3
Illinois,Moline,43509,0.0,36.8,52.9,314.9,468.9,2516.7,126.4,404.5,3112.0
Louisiana,Monroe,49474,10.1,36.4,276.9,667.0,2368.9,5103.7,157.7,990.4,7630.3
Oklahoma,Moore,56661,1.8,8.8,35.3,90.0,875.4,3002.1,328.3,135.9,4205.7
New Jersey,Mount Laurel Township,42150,0.0,7.1,42.7,28.5,320.3,1309.6,56.9,78.3,1686.8
Illinois,Mount Prospect,54428,0.0,0.0,11.0,47.8,152.5,1161.2,55.1,58.8,1368.8
California,National City,59920,6.7,30.0,275.4,307.1,610.8,1819.1,679.2,619.2,3109.1
New Jersey,New Brunswick,55717,14.4,43.1,387.7,240.5,999.7,1563.3,149.0,685.6,2711.9
California,Newark,43539,2.3,32.2,158.5,195.2,895.7,1862.7,339.9,388.2,3098.4
Ohio,Newark,47787,0.0,41.9,67.0,35.6,1048.4,3567.9,180.0,144.4,4796.3
New York,Niagara Falls,50356,6.0,51.6,339.6,832.1,1489.4,4136.5,258.2,1229.2,5884.1
Illinois,Normal,52797,0.0,36.0,64.4,115.5,501.9,1924.4,47.4,215.9,2473.6
New Jersey,North Brunswick Township,41163,0.0,4.9,63.2,55.9,532.0,1161.2,77.7,123.9,1771.0
Florida,North Lauderdale,42352,7.1,33.1,158.2,255.0,935.0,1700.0,167.6,453.3,2802.7
Florida,North Miami Beach,43084,4.6,62.7,301.7,278.5,1629.4,2699.4,285.5,647.6,4614.2
Florida,North Port,58568,3.4,34.1,20.5,163.9,474.7,1314.7,44.4,222.0,1833.8
Connecticut,Norwich,40517,2.5,44.4,86.4,111.1,676.3,1577.1,123.4,244.3,2376.8
California,Novato,52942,0.0,9.4,49.1,122.8,455.2,1178.6,171.9,181.3,1805.7
Michigan,Novi,55623,0.0,7.2,16.2,43.1,129.4,1684.6,70.1,66.5,1884.1
Illinois,Oak Lawn,56964,0.0,15.8,54.4,73.7,198.4,1702.8,94.8,144.0,1996.0
Florida,Oakland Park,42701,0.0,37.5,316.2,430.9,1637.0,3377.0,276.3,784.5,5290.3
Florida,Ocala,57288,10.5,73.3,160.6,410.2,1057.8,4243.5,104.7,654.6,5406.0
Washington,Olympia,47729,10.5,94.3,77.5,132.0,980.5,3151.1,236.8,314.3,4368.4
Illinois,Orland Park,57043,1.8,1.8,7.0,17.5,78.9,2275.5,28.0,28.0,2382.4
Arizona,Oro Valley,41786,2.4,9.6,7.2,31.1,227.3,1323.4,74.2,50.3,1624.9
Kentucky,Owensboro,57751,0.0,48.5,77.9,90.0,812.1,3338.5,209.5,216.4,4360.1
Florida,Palm Beach Gardens,49679,0.0,22.1,60.4,68.4,487.1,2598.7,102.7,151.0,3188.5
California,Palm Desert,50021,0.0,12.0,98.0,98.0,1453.4,2952.8,235.9,207.9,4642.1
California,Palm Springs,45996,6.5,39.1,226.1,384.8,1919.7,2417.6,515.3,656.6,4852.6
California,Paramount,54997,5.5,12.7,234.6,190.9,494.6,1472.8,825.5,443.7,2792.9
Colorado,Parker,47004,0.0,23.4,6.4,95.7,219.1,691.4,44.7,125.5,955.2
New Jersey,Parsippany-Troy Hills Township,53793,3.7,9.3,26.0,33.5,254.7,611.6,55.8,72.5,922.1
Massachusetts,Peabody,52113,0.0,21.1,23.0,188.1,297.4,1713.6,103.6,232.2,2114.6
Pennsylvania,Penn Hills,42488,11.8,14.1,94.1,188.3,727.3,1129.7,122.4,308.3,1979.4
Florida,Pensacola,52909,13.2,56.7,168.2,655.8,1343.8,4160.0,226.8,894.0,5730.6
New Jersey,Perth Amboy,51345,1.9,17.5,185.0,249.3,745.9,1384.8,245.4,453.8,2376.1
California,Petaluma,58995,1.7,42.4,49.2,189.8,252.6,1054.3,86.4,283.1,1393.3
Texas,Pflugerville,49483,2.0,18.2,12.1,90.9,282.9,1287.3,50.5,123.3,1620.8
Arkansas,Pine Bluff,48522,28.9,65.9,278.2,915.0,2316.5,4138.3,371.0,1288.1,6825.8
Florida,Pinellas Park,49821,10.0,26.1,96.3,325.2,945.4,4311.4,252.9,457.6,5509.7
New Jersey,Piscataway Township,56593,0.0,1.8,37.1,74.2,235.0,646.7,47.7,113.1,929.4
Massachusetts,Pittsfield,44868,0.0,75.8,84.7,265.2,829.1,1673.8,95.8,425.7,2598.7
California,Placentia,51778,1.9,7.7,56.0,141.0,353.4,1210.9,185.4,206.7,1749.8
New Jersey,Plainfield,50332,11.9,27.8,327.8,343.7,1045.1,1625.2,200.7,711.3,2870.9
Idaho,Pocatello,55182,1.8,18.1,39.9,195.7,474.8,2160.1,87.0,255.5,2721.9
Texas,Port Arthur,54745,7.3,34.7,221.0,365.3,1560.0,2608.5,226.5,628.4,4394.9
Florida,Port Orange,57300,3.5,1.7,20.9,82.0,525.3,1856.9,111.7,108.2,2493.9
Michigan,Portage,46658,0.0,49.3,32.1,81.4,394.4,3039.1,87.9,162.9,3521.4
California,Porterville,55533,5.4,18.0,113.4,223.3,1071.4,1825.9,356.5,360.1,3253.9
New York,Poughkeepsie Town,42698,0.0,4.7,60.9,60.9,199.1,3023.6,25.8,126.5,3248.4
California,Poway,48968,0.0,12.3,55.1,124.6,279.8,794.4,67.4,192.0,1141.6
Arizona,Prescott,40420,4.9,34.6,47.0,329.0,487.4,2184.6,59.4,415.6,2731.3
Illinois,Quincy,40684,0.0,63.9,39.3,358.9,550.6,2590.7,63.9,462.1,3205.2
California,Rancho Palos Verdes,42335,0.0,2.4,14.2,66.1,394.5,722.8,59.1,82.7,1176.3
California,Rancho Santa Margarita,49038,0.0,4.1,20.4,30.6,140.7,489.4,20.4,55.1,650.5
Washington,Redmond,55770,0.0,14.3,19.7,30.5,308.4,1741.1,87.9,64.6,2137.3
Massachusetts,Revere,52926,1.9,22.7,136.0,347.7,434.6,1594.7,323.1,508.3,2352.3
Washington,Richland,50057,0.0,40.0,22.0,101.9,373.6,2035.7,127.9,163.8,2537.1
California,Rocklin,58865,0.0,8.5,27.2,47.6,412.8,1039.7,105.3,83.2,1557.8
North Carolina,Rocky Mount,58002,13.8,22.4,220.7,1034.4,1803.4,3779.2,250.0,1291.3,5832.6
Arkansas,Rogers,57757,0.0,74.4,19.0,256.2,626.8,2900.1,93.5,349.7,3620.3
California,Rohnert Park,41716,2.4,26.4,50.3,381.1,268.5,1435.9,141.4,460.3,1845.8
California,Rosemead,54656,0.0,7.3,98.8,155.5,336.7,934.9,398.9,261.6,1670.4
Michigan,Roseville,47400,0.0,67.5,124.5,286.9,592.8,3061.2,428.3,478.9,4082.3
New Mexico,Roswell,48623,16.5,57.6,86.4,468.9,1135.3,4088.6,154.2,629.3,5378.1
Texas,Rowlett,58324,0.0,29.1,15.4,77.2,378.9,1272.2,75.4,121.7,1726.6
Michigan,Royal Oak,57649,0.0,15.6,20.8,88.5,310.5,1287.1,150.9,124.9,1748.5
Michigan,Saginaw Township,40642,2.5,14.8,81.2,110.7,292.8,1668.2,56.6,209.1,2017.6
Michigan,Saginaw,51267,52.7,126.8,325.7,1856.9,2032.5,1205.5,204.8,2362.1,3442.8
Massachusetts,Salem,42025,0.0,16.7,40.5,321.2,352.2,1794.2,126.1,378.3,2272.5
Kansas,Salina,48155,2.1,39.5,47.8,245.0,924.1,3740.0,222.2,334.3,4886.3
Washington,Sammamish,47158,0.0,14.8,2.1,17.0,231.1,468.6,27.6,33.9,727.3
California,San Bruno,42002,0.0,26.2,69.0,107.1,304.7,1642.8,340.5,202.4,2288.0
California,San Gabriel,40376,0.0,7.4,84.2,126.3,354.2,856.9,151.1,218.0,1362.2
California,San Jacinto,45637,6.6,11.0,111.8,170.9,922.5,1891.0,427.3,300.2,3240.8
California,San Luis Obispo,45947,2.2,43.5,41.4,171.9,901.0,3212.4,176.3,259.0,4289.7
Texas,San Marcos,47384,2.1,57.0,59.1,227.9,533.9,2526.2,225.8,346.1,3285.9
California,San Rafael,58854,0.0,23.8,142.7,158.0,611.7,1923.4,497.8,324.5,3032.9
Florida,Sanford,54662,5.5,38.4,303.7,243.3,1503.8,3633.2,285.4,590.9,5422.4
California,Santee,54700,3.7,16.5,54.8,206.6,334.6,1451.6,241.3,281.5,2027.4
Florida,Sarasota,53055,7.5,47.1,256.3,490.1,1328.8,3945.0,186.6,801.1,5460.4
New Jersey,Sayreville,43151,2.3,2.3,27.8,55.6,296.6,980.3,64.9,88.1,1341.8
Wisconsin,Sheboygan,49261,8.1,38.6,42.6,255.8,531.9,2460.4,87.3,345.1,3079.5
Connecticut,Shelton,40062,0.0,17.5,30.0,7.5,334.5,661.5,82.4,54.9,1078.3
Washington,Shoreline,54574,5.5,42.1,75.1,58.6,809.9,2021.1,199.7,181.4,3030.7
Arizona,Sierra Vista,46612,0.0,51.5,60.1,167.3,527.8,2610.9,167.3,278.9,3306.0
Georgia,Smyrna,52537,5.7,22.8,129.4,148.5,696.7,1709.3,243.6,306.5,2649.6
Tennessee,Smyrna,41284,4.8,29.1,50.9,172.0,327.0,1942.6,121.1,256.8,2390.8
New Jersey,South Brunswick Township,43875,0.0,4.6,16.0,57.0,246.2,847.9,86.6,77.5,1180.6
Utah,South Jordan,52071,0.0,7.7,19.2,17.3,332.2,1530.6,113.3,44.2,1976.1
New York,Southampton Town,50256,0.0,6.0,29.8,91.5,435.8,1440.6,123.4,127.3,1999.8
Mississippi,Southaven,49938,0.0,48.1,44.1,200.2,378.5,2158.7,116.1,292.4,2653.3
Connecticut,Southington,43219,2.3,11.6,25.5,25.5,300.8,1353.6,83.3,64.8,1737.7
Michigan,St. Clair Shores,59841,0.0,33.4,21.7,197.2,469.6,1361.9,148.7,252.3,1980.2
Minnesota,St. Louis Park,46176,0.0,,34.7,32.5,534.9,2581.4,110.4,,3226.8
Missouri,St. Peters,53364,0.0,11.2,26.2,185.5,213.6,2340.5,48.7,223.0,2602.9
Pennsylvania,State College,57020,1.8,19.3,21.0,50.9,201.7,1154.0,24.6,92.9,1380.2
Oklahoma,Stillwater,46331,2.2,51.8,45.3,161.9,561.2,2490.8,123.0,261.2,3175.0
Connecticut,Stratford,52041,0.0,28.8,53.8,117.2,470.8,2056.1,188.3,199.8,2715.2
Illinois,Streamwood,40050,0.0,15.0,27.5,42.4,307.1,1418.2,30.0,84.9,1755.3
Ohio,Strongsville,44397,0.0,13.5,11.3,4.5,186.9,1576.7,29.3,29.3,1792.9
South Carolina,Summerville,45209,4.4,4.4,70.8,104.0,424.7,2260.6,232.3,183.6,2917.6
South Carolina,Sumter,40911,17.1,19.6,158.9,789.5,1464.2,3444.1,339.8,985.1,5248.0
Massachusetts,Taunton,56438,0.0,31.9,109.9,333.1,673.3,774.3,60.2,474.9,1507.8
New Jersey,Teaneck Township,40230,0.0,0.0,72.1,67.1,298.3,1098.7,59.7,139.2,1456.6
Texas,Texas City,46448,4.3,23.7,109.8,180.8,764.3,2751.5,144.2,318.6,3660.0
Oregon,Tigard,49359,2.0,18.2,72.9,42.5,441.7,2933.6,103.3,135.7,3478.6
Illinois,Tinley Park,56992,1.8,10.5,19.3,43.9,189.5,1245.8,36.8,75.4,1472.1
Florida,Titusville,44374,9.0,58.6,173.5,421.4,1169.6,2255.8,552.1,662.6,3977.6
New York,Tonawanda Town,58393,1.7,20.6,54.8,125.0,339.1,1452.2,42.8,202.1,1834.1
New York,Troy,50391,13.9,29.8,220.3,400.9,1176.8,3328.0,202.4,664.8,4707.2
Idaho,Twin Falls,44866,0.0,44.6,37.9,294.2,461.4,2231.1,124.8,376.7,2817.3
Ohio,"Union Township, Clermont County",46833,2.1,19.2,36.3,19.2,493.2,2961.6,74.7,76.9,3529.6
New Jersey,Union Township,57234,0.0,8.7,76.9,52.4,298.8,1341.9,223.6,138.0,1864.3
Illinois,Urbana,41537,0.0,48.1,163.7,144.4,1001.5,2344.9,127.6,356.3,3474.0
Iowa,Urbandale,40467,0.0,7.4,4.9,128.5,264.4,1354.2,81.5,140.9,1700.2
Georgia,Valdosta,56617,5.3,67.1,155.4,210.2,1156.9,2811.9,136.0,438.0,4104.8
Connecticut,Wallingford,45183,0.0,4.4,22.1,6.6,356.3,1611.2,55.3,33.2,2022.9
Ohio,Warren,41355,9.7,38.7,246.6,379.6,1963.5,2626.0,270.8,674.6,4860.4
New Jersey,"Washington Township, Gloucester County",48940,0.0,6.1,59.3,71.5,363.7,1879.9,83.8,136.9,2327.3
California,Watsonville,52064,3.8,28.8,167.1,284.3,509.0,1966.8,568.5,484.0,3044.3
Wisconsin,Wauwatosa,46748,2.1,0.0,119.8,44.9,569.0,3471.8,79.1,166.9,4120.0
New Jersey,Wayne Township,55071,0.0,0.0,23.6,49.0,343.2,1803.1,81.7,72.6,2228.0
New York,Webster Town and Village,42936,0.0,4.7,18.6,37.3,202.6,836.1,41.9,60.6,1080.7
Florida,Wellington,57943,0.0,17.3,48.3,182.9,403.8,1905.3,184.7,248.5,2493.8
Ohio,West Chester Township,58897,0.0,47.5,20.4,23.8,365.0,1830.3,39.1,91.7,2234.4
Iowa,West Des Moines,58134,0.0,27.5,13.8,122.1,366.4,2686.9,86.0,163.4,3139.3
Connecticut,West Haven,55626,1.8,1.8,104.3,465.6,354.2,1934.3,312.8,573.5,2601.3
New Jersey,West New York,50507,0.0,15.8,184.1,188.1,386.1,964.2,101.0,388.1,1451.3
New Jersey,West Orange,46505,4.3,0.0,66.7,75.3,318.2,937.5,150.5,146.2,1406.3
California,West Sacramento,49500,0.0,52.5,147.5,183.8,765.7,1844.4,335.4,383.8,2945.5
New York,West Seneca Town,44902,0.0,4.5,29.0,82.4,331.8,1476.5,66.8,115.8,1875.2
Massachusetts,Westfield,41485,0.0,19.3,33.7,130.2,484.5,1328.2,43.4,183.2,1856.1
Massachusetts,Weymouth,54597,0.0,16.5,76.9,250.9,384.6,1009.2,80.6,344.3,1474.4
Illinois,Wheaton,53263,1.9,1.9,5.6,13.1,180.2,889.9,18.8,22.5,1088.9
New York,White Plains,57567,1.7,5.2,53.9,99.0,142.4,2221.8,43.4,159.8,2407.6
Pennsylvania,Wilkes-Barre,41532,7.2,72.2,183.0,151.7,652.5,2092.4,248.0,414.1,2992.9
North Carolina,Wilson,49785,10.0,6.0,138.6,371.6,1337.8,3099.3,225.0,526.3,4662.0
California,Woodland,56323,0.0,17.8,83.4,213.1,640.9,2080.9,358.6,314.3,3080.4
Rhode Island,Woonsocket,41147,0.0,55.9,143.4,335.4,840.9,2041.5,177.4,534.7,3059.8
Texas,Wylie,43645,4.6,2.3,6.9,50.4,229.1,1111.2,64.2,64.2,1404.5
Pennsylvania,York,43955,25.0,100.1,430.0,780.3,985.1,2388.8,225.2,1335.5,3599.1
California,Yucaipa,52622,0.0,9.5,66.5,150.1,515.0,1062.3,216.6,226.1,1793.9
