City,Median Income,State,population,murder,rape,robbery,agrv_assault,burglary,larceny,vehicle_theft,violent_crime,prop_crime
Auburn,32859,Alabama,54785,5.5,23.7,45.6,166.1,763.0,2646.7,93.1,240.9,3502.8
Birmingham,91740,Alabama,213266,31.4,71.3,460.9,954.2,"2,205.7","4,239.8",488.6,"1,517.8","6,934.1"
Dothan,30920,Alabama,66275,7.5,45.3,150.9,277.6,"1,336.9","2,894.0",196.2,481.3,"4,427.0"
Hoover,38178,Alabama,82332,2.4,15.8,55.9,30.4,477.3,"2,067.2",103.2,104.5,"2,647.8"
Huntsville,99557,Alabama,183691,7.6,39.2,248.2,628.2,"1,178.6","3,476.5",386.5,923.3,"5,041.6"
Montgomery,82966,Alabama,209018,21.1,19.6,219.6,135.4,"1,631","3,611.2",526.7,395.7,"5,768.9"
Tuscaloosa,42870,Alabama,91973,4.3,40.2,184.8,290.3,"1,285.2","3,223.8",219.6,519.7,"4,728.6"
Avondale,32208,Arizona,78364,8.9,5.1,91.9,191.4,874.1,"3,511.8",312.6,297.3,"4,698.6"
Buckeye,32161,Arizona,52213,5.7,1.9,21.1,74.7,716.3,1769.7,141.7,103.4,2627.7
Chandler,105611,Arizona,242721,1.6,26.4,61.4,169.3,472.6,"2,129.2",105.5,258.7,"2,707.2"
Flagstaff,30080,Arizona,66633,0.0,42.0,67.5,283.6,363.2,"3,801.4",88.5,393.2,"4,253.1"
Gilbert,94016,Arizona,214264,2.3,8.9,27.5,56.9,338.8,"1,164.9",76.5,95.7,"1,580.3"
Glendale,89664,Arizona,232997,5.2,23.2,177.3,285.8,"1,221.9","4,662.3",525.3,491.4,"6,409.5"
Goodyear,38956,Arizona,67033,0.0,17.9,35.8,100.0,714.6,"1,772.3",159.6,153.7,"2,646.5"
Maricopa,23278,Arizona,44881,2.2,20.1,26.7,80.2,345.4,1412.6,122.5,129.2,1880.5
Peoria,74637,Arizona,158347,5.7,15.2,48.6,117.5,586.7,"2,196.4",168,186.9,"2,951.1"
Scottsdale,118561,Arizona,223432,1.3,18.8,51.5,75.6,561.7,"2,036.9",107.9,147.2,"2,706.4"
Surprise,59045,Arizona,120793,2.5,6.6,51.3,73.7,429.7,"1,532.4",97.7,134.1,"2,059.7"
Tempe,76512,Arizona,166061,6.6,26.5,152.4,343.2,752.7,"3,664.3",294.5,528.7,"4,711.5"
Yuma,41742,Arizona,95568,5.2,28.3,63.8,434.2,999.3,"2,262.3",246.9,531.6,"3,508.5"
Conway,28356,Arkansas,60700,1.6,47.8,125.2,240.5,675.5,"3,341.0",166.4,415.2,"4,182.9"
Fayetteville,42333,Arkansas,75387,1.3,76.9,53.1,383.4,668.6,"3,191.5",176.4,514.7,"4,036.5"
Fort Smith,36439,Arkansas,87483,5.7,78.9,108.6,592.1,"1,216.2","4,028.2",209.2,785.3,"5,453.6"
Jonesboro,32817,Arkansas,68807,5.8,30.5,113.4,279.0,"1,694.6","2,745.4",148.2,428.7,"4,588.2"
Little Rock,89358,Arkansas,196055,23.0,69.9,411.6,811,"2,164.7","5,337.8",558.5,"1,315.4","8,061"
Rogers,27613,Arkansas,57757,0.0,74.4,19.0,256.2,626.8,2900.1,93.5,349.7,3620.3
Springdale,29550,Arkansas,71668,1.4,79.5,41.9,340.5,637.7,"2,914.8",203.7,463.2,"3,756.2"
Alameda,30642,California,75467,1.3,11.91,106.0,92.8,392.2,"1,723.9",390.9,212.0,"2,507.1"
Alhambra,30242,California,84469,0.0,2.4,78.1,95.9,384.8,"1,585.2",301.9,176.4,"2,271.8"
Antioch,37645,California,105009,9.5,27.6,354.3,625.7,"1,658","1,828.4","1,043.7","1,017.1","4,530.1"
Apple Valley,26684,California,70823,4.2,9.9,91.8,206.1,979.9,"1,379.5",286.6,312.0,"2,646.0"
Baldwin Park,18805,California,76644,2.6,6.5,95.2,236.2,437.1,"1,123.4",507.5,340.5,"2,068.0"
Bellflower,23352,California,77886,7.7,14.1,173.3,195.2,535.4,"1,137.6",640.7,390.3,"2,313.6"
Berkeley,49088,California,114961,4.3,33.9,291.4,93.9,844.6,"3,552.5",557.6,423.6,"4,954.7"
Brentwood,22600,California,52811,1.9,7.6,79.5,98.5,454.5,1581.1,208.3,187.5,2243.9
Buena Park,23777,California,82505,1.2,15.8,93.3,139.4,414.5,"1,715.0",374.5,249.7,"2,504.1"
Burbank,43209,California,105057,1.9,22.8,105.7,100.9,364.6,"1,819",189.4,231.3,"2,373"
Camarillo,26253,California,66506,0.0,7.5,31.6,52.6,209.0,"1,153.3",73.7,91.7,"1,436.0"
Carlsbad,43752,California,107879,1.9,24.1,51.0,168.7,460.7,"1,356.1",138.1,245.6,"1,955"
Carson,27512,California,93233,7.5,15.0,152.3,382.9,644.6,"1,671.1",589.9,557.7,"2,905.6"
Chico,44270,California,87090,1.1,52.8,109.1,160.8,893.3,"1,445.6",291.7,323.8,"2,630.6"
Chino,26314,California,79792,1.3,11.3,65.2,287.0,704.3,"1,653.0",294.5,364.7,"2,651.9"
Chino Hills,24476,California,76632,0.0,2.6,28.7,52.2,456.7,706.0,84.8,83.5,"1,247.5"
Chula Vista,88029,California,249830,3.2,13.2,90.9,125.3,370.7,"1,262.1",401.1,232.6,"2,033.8"
Citrus Heights,34364,California,85112,2.3,15.3,117.5,251.4,734.3,"2,369.8",558.1,386.5,"3,662.2"
Clovis,44194,California,97828,3.1,34.8,58.3,127.8,976.2,"2,744.6",393.5,223.9,"4,114.4"
Compton,23447,California,98057,21.4,33.7,436.5,750.6,585.4,"1,025.9",835.2,"1,242.1","2,446.5"
Concord,47248,California,125205,0.0,15.2,122.2,183.7,662.1,"2,151.7",526.3,321.1,"3,340.1"
Corona,51110,California,157342,0.6,10.8,64.8,57.2,547.2,"1,758",327.9,133.5,"2,633.1"
Costa Mesa,42336,California,112635,3.6,28.4,73.7,119.9,593.1,"2,707.9",320.5,225.5,"3,621.4"
Daly City,33137,California,103311,0.0,8.7,73.6,126.8,382.3,"1,114.1",248.8,209.1,"1,745.2"
Davis,25542,California,66628,0.0,30.0,46.5,66.0,585.3,"1,499.4",130.6,142.6,"2,215.3"
Downey,33472,California,113628,5.3,17.6,167.2,145.2,589.6,"1,679.2",844,335.3,"3,112.8"
Dublin,N,California,47004,0.0,8.5,42.5,127.6,329.8,1110.5,114.9,178.7,1555.2
Eastvale,18433,California,55439,0.0,1.8,27.1,45.1,461.8,1156.2,198.4,74.0,1816.4
El Cajon,32145,California,101864,2.0,23.6,144.3,188.5,484,"1,499.1",386.8,358.3,"2,369.8"
Elk Grove,53383,California,156344,0.6,12.8,60.8,253.3,431.1,"1,538.9",135.6,327.5,"2,105.6"
El Monte,29314,California,115356,3.5,12.1,176.0,150.8,495,937.1,501.1,342.4,"1,933.1"
Escondido,47740,California,147386,3.4,25.8,139.8,257.1,518.4,"1,604.6",514.3,426.1,"2,637.3"
Fairfield,38515,California,107110,7.5,28.0,129.8,258.6,631.1,"2,001.7",464,423.9,"3,096.8"
Folsom,32761,California,73678,0.0,9.5,32.6,73.3,319.0,"1,307.0",107.2,115.4,"1,733.2"
Fontana,59598,California,200874,2.5,15.4,144.9,260.4,547.1,"1,189.3",500.8,423.2,"2,237.2"
Fremont,81639,California,218927,0.9,6.4,60.3,72.2,537.2,"1,142.8",265.4,139.8,"1,945.4"
Fullerton,49425,California,138455,0.0,22.4,98.9,205.1,535.9,"2,074.3",233.3,326.5,"2,843.5"
Garden Grove,50343,California,175079,0.6,9.1,77.1,163.9,434.7,"1,516.5",343.3,250.7,"2,294.4"
Glendale,76375,California,194902,0.0,3.1,55.4,61.1,264.7,"1,138",158.5,119.5,"1,561.3"
Hawthorne,32299,California,85692,8.2,30.3,358.3,346.6,671.0,"1,328.0",546.1,743.4,"2,545.2"
Hayward,49029,California,147424,4.1,31.2,232.0,148.6,752.3,"1,510.6",987.6,415.8,"3,250.5"
Hemet,33674,California,81213,1.2,25.9,179.8,293.1,"1,295.4","2,407.3",589.8,499.9,"4,292.4"
Hesperia,29608,California,92383,6.5,18.4,74.7,335.6,992.6,"1,282.7",433.0,435.1,"2,708.3"
Huntington Beach,75314,California,194677,1.5,15.9,42.6,100.7,409.4,"2,235.5",164.9,160.8,"2,809.8"
Indio,31048,California,78501,2.5,28.0,194.9,347.8,"1,065.0","1,867.5",622.9,573.2,"3,555.4"
Inglewood,37918,California,111488,12.6,24.2,334.6,328.3,579.4,"1,245.9",572.3,699.6,"2,397.6"
Irvine,111471,California,217528,0.9,3.7,13.3,32.6,262,"1,194.8",62.1,50.6,"1,518.9"
Jurupa Valley,30398,California,97577,1.0,12.3,95.3,211.1,749.2,"1,823.2",680.5,319.7,"3,252.8"
Lake Elsinore,20252,California,53912,3.7,5.6,105.7,126.1,996.1,2116.4,471.1,241.1,3583.6
Lake Forest,29721,California,79166,0.0,10.1,25.3,99.8,286.7,"1,008.0",79.6,135.2,"1,374.3"
Lakewood,25033,California,81382,1.2,16.0,125.3,136.4,455.9,"1,696.9",380.9,278.9,"2,533.7"
Lancaster,52431,California,159155,5.0,33.9,196.7,304.1,655.3,"1,288.7",253.8,539.7,"2,197.9"
Livermore,29208,California,82800,0.0,18.1,38.6,306.8,374.4,"1,593.0",212.6,363.5,"2,180.0"
Lodi,23274,California,63718,3.1,18.8,135.0,282.5,"1,183.3","2,366.7",528.9,439.4,"4,078.9"
Lynwood,16131,California,70908,12.7,33.8,297.6,418.9,493.6,709.4,733.3,763.0,"1,936.3"
Madera,19945,California,62796,3.2,30.3,181.5,527.1,"1,039.9",990.5,551.0,742.1,"2,581.4"
Manteca,30532,California,68887,0.0,16.0,120.5,248.2,659.1,"2,676.8",556.0,384.7,"3,891.9"
Menifee,39358,California,80047,1.2,5.0,30.0,72.5,633.4,"1,385.4",407.3,108.7,"2,426.1"
Merced,27221,California,80976,11.1,30.9,265.5,692.8,"1,179.4","3,360.3",537.2,"1,000.3","5,076.8"
Milpitas,25653,California,68433,1.5,16.1,49.7,51.1,485.1,"1,972.7",498.3,118.4,"2,956.2"
Mission Viejo,34477,California,95599,0.0,3.1,29.3,43.9,225.9,979.1,47.1,76.4,"1,252.1"
Modesto,76577,California,204631,9.8,28.8,219.9,518.5,"1,256.4","3,374.9",879.1,777,"5,510.4"
Moreno Valley,56294,California,199673,2.5,12.5,165.8,172.8,"1,010.7","1,730.8",449.2,353.6,"3,190.7"
Mountain View,35859,California,75933,0.0,6.6,44.8,152.8,234.4,"1,484.2",150.1,204.1,"1,868.8"
Murrieta,36867,California,106839,0.9,7.5,19.7,37.4,381.9,"1,101.7",121.7,65.5,"1,605.2"
Napa,30838,California,78589,2.5,21.6,49.6,201.0,444.1,"1,365.3",281.2,274.8,"2,090.6"
Newport Beach,36300,California,87286,1.1,12.6,30.9,71.0,509.8,"1,845.7",108.8,115.7,"2,464.3"
Norwalk,27925,California,107295,10.3,12.1,159.4,221.8,502.4,"1,432.5",496.8,403.6,"2,431.6"
Oceanside,63683,California,171141,4.7,28.0,102.3,290.4,491.4,"1,754.7",260,425.4,"2,506.1"
Ontario,54719,California,167933,1.8,21.4,158.4,136.4,630,"1,797.7",583,318,"3,010.7"
Orange,46584,California,139692,2.9,5.7,38.7,49.4,357.9,"1,463.2",206.9,96.6,"2,028"
Oxnard,55777,California,201797,4.5,4.0,150.6,139.7,420.2,"1,326.6",270.6,298.8,"2,017.4"
Palmdale,47380,California,155294,3.9,23.8,144.2,350.9,666.5,"1,331.7",186.7,522.9,"2,184.9"
Palo Alto,27768,California,66019,0.0,6.1,39.4,34.8,495.3,"1,566.2",72.7,80.3,"2,134.2"
Pasadena,57025,California,139382,3.6,15.1,123.4,168.6,639.3,"1,605.7",179.4,310.7,"2,424.3"
Perris,20943,California,70616,4.2,8.5,133.1,194.0,691.1,"1,583.2",672.7,339.9,"2,946.9"
Pittsburg,24968,California,64890,4.6,9.2,127.9,92.5,"1,141.9","1,269.8",835.3,234.2,"3,247.0"
Pleasanton,26569,California,71875,1.4,5.6,25.0,36.2,229.6,"1,384.3",165.6,68.2,"1,779.5"
Pomona,42390,California,151511,11.2,41.6,248.8,372.3,594.7,"2,009.1",732.6,673.9,"3,336.4"
Rancho Cordova,28916,California,66214,13.6,42.3,169.1,368.5,635.8,"2,060.0",486.3,593.5,"3,182.1"
Rancho Cucamonga,58173,California,169276,2.4,9.5,66.2,111.7,862.5,"1,433.8",280.6,189.6,"2,576.9"
Redding,37380,California,90974,3.3,72.5,144.0,555.1,"1,195.9","3,066.8",551.8,774.9,"4,814.6"
Redlands,27161,California,70399,2.8,21.3,106.5,183.2,863.6,"2,818.2",568.2,313.9,"4,250.1"
Redondo Beach,29220,California,67856,5.9,8.8,75.2,190.1,392.0,"1,802.3",157.7,280.0,"2,352.0"
Redwood City,29831,California,78466,0.0,16.6,112.2,136.4,670.4,"1,428.6",195.0,265.1,"2,294.0"
Rialto,26568,California,101595,3.9,16.7,197.8,282.5,883.9,"1,769.8",861.3,501,"3,514.9"
Richmond,45299,California,106357,16.9,33.8,367.6,674.1,"1,445.1","1,518.5","1,754.5","1,092.5","4,718.1"
Rocklin,27308,California,58865,0.0,8.5,27.2,47.6,412.8,1039.7,105.3,83.2,1557.8
Roseville,61142,California,122896,1.6,12.2,68.4,156.2,422.3,"2,063.5",189.6,238.4,"2,675.4"
Salinas,43233,California,154413,13.6,26.6,316.0,308.9,788.8,"1,687.7",700.7,665.1,"3,177.2"
San Bernardino,64370,California,214987,21.9,26.0,373.5,519.1,"1,306.6","2,321.5","1,260.5",940.5,"4,888.7"
San Leandro,31539,California,86869,2.3,17.3,312.0,171.5,804.7,"2,410.5",911.7,503.1,"4,126.9"
San Marcos,31360,California,85810,2.3,12.8,66.4,183.0,426.5,"1,057.0",266.9,264.5,"1,750.4"
San Mateo,39795,California,99303,0.0,13.1,81.6,168.2,287.0,"1,458.2",144.0,262.8,"1,889.2"
San Ramon,30872,California,74013,0.0,4.1,17.6,39.2,197.3,855.3,95.9,60.8,"1,148.4"
Santa Barbara,38553,California,89871,0.0,59.0,105.7,239.2,620.9,"2,697.2",148.0,403.9,"3,466.1"
Santa Clara,51014,California,119360,0.0,8.4,51.1,125.7,489.3,"1,904.3",376.2,185.2,"2,769.8"
Santa Clarita,76446,California,179248,0.6,16.7,53.6,119.9,343.7,"1,016.5",169.6,190.8,"1,529.7"
Santa Maria,28422,California,101207,0.0,20.7,143.3,517.8,703.5,"1,302.3",395.2,681.8,"2,401"
Santa Monica,48189,California,91215,2.2,25.2,165.5,240.1,642.4,"2,887.7",195.1,433.0,"3,725.3"
Santa Rosa,70361,California,170862,1.2,39.2,73.7,258.1,424.3,"1,625.3",184.9,372.2,"2,234.6"
Simi Valley,44629,California,126686,2.4,5.5,28.4,75,314.2,"1,100.4",97.9,111.3,"1,512.4"
South Gate,27422,California,95966,9.4,15.6,276.1,275.1,427.2,"1,268.2",956.6,576.2,"2,652.0"
Sunnyvale,58756,California,143606,2.1,9.7,49.4,57.1,364.9,"1,181",233.3,118.4,"1,779.2"
Temecula,35801,California,103414,0.0,9.7,51.3,32.9,568.6,"1,585.9",205,93.8,"2,359.4"
Thousand Oaks,46158,California,129171,0.0,17.8,35.6,68.1,215.2,"1,138",69.7,121.5,"1,422.9"
Torrance,55836,California,147851,2.7,11.5,62.2,52.1,357.8,"1,233",228.6,128.5,"1,819.4"
Tracy,27880,California,85047,4.7,9.4,77.6,78.8,333.9,"1,866.0",337.5,170.5,"2,537.4"
Tulare,20967,California,60848,9.9,16.4,116.7,475.0,"1,176.7","2,221.9",545.6,617.9,"3,944.3"
Turlock,25660,California,69730,2.9,28.7,139.1,467.5,894.9,"1,940.3",730.0,638.2,"3,565.2"
Tustin,26025,California,77400,0.0,14.2,46.5,86.6,310.1,"1,656.3",169.3,147.3,"2,135.7"
Union City,21920,California,71089,0.0,12.7,144.9,173.0,604.9,"1,506.6",431.9,330.6,"2,543.3"
Upland,28043,California,75531,0.0,10.6,88.7,96.6,838.1,"1,759.5",484.6,195.9,"3,082.2"
Vacaville,35647,California,93951,3.2,25.5,77.7,155.4,339.5,"1,639.2",183.1,261.8,"2,161.8"
Vallejo,44936,California,117912,11.9,37.3,322.3,373.2,"2,279.7","1,425.6","1,250.9",744.6,"4,956.2"
Victorville,38786,California,118687,5.1,33.7,187.0,343.8,"1,547.8","1,669.1",545.1,569.6,"3,762"
Visalia,48446,California,127604,3.9,34.5,105.0,282.9,961.6,"2,960.7",412.2,426.3,"4,334.5"
Vista,31866,California,96087,1.0,26.0,149.9,307.0,455.8,"1,163.5",342.4,483.9,"1,961.8"
Walnut Creek,32550,California,65816,0.0,4.6,28.9,94.2,677.6,"2,222.9",214.2,127.6,"3,114.7"
West Covina,31349,California,107861,1.9,10.2,100.1,148.3,506.2,"1,979.4",503.4,260.5,"2,989"
Westminster,28524,California,91908,2.2,9.8,95.7,201.3,507.0,"2,269.7",351.4,309.0,"3,128.1"
Whittier,27466,California,86740,0.0,11.5,93.4,179.8,517.6,"2,026.7",340.1,284.8,"2,884.5"
Yorba Linda,22960,California,65820,0.0,4.6,16.7,59.3,338.8,808.3,48.6,80.5,"1,195.7"
Yuba City,23521,California,65653,6.1,33.5,65.5,271.1,763.1,"1,975.5",280.3,376.2,"3,018.9"
Arvada,49987,Colorado,109029,0.0,20.2,26.6,98.1,357.7,"1,847.2",184.4,144.9,"2,389.3"
Boulder,44722,Colorado,100257,0.0,31.9,47.9,168.6,470.8,"2,331",127.7,248.4,"2,929.5"
Broomfield,33563,Colorado,58145,1.7,12.0,10.3,27.5,154.8,1850.5,80.8,51.6,2086.2
Castle Rock,29100,Colorado,50038,2.0,24.0,14.0,50.0,203.8,1075.2,52.0,89.9,1331.0
Centennial,41393,Colorado,104022,1.0,38.5,31.7,79.8,266.3,"1,043",74,150.9,"1,383.4"
Commerce City,21705,Colorado,47590,14.7,56.7,35.7,250.1,619.9,2103.4,260.6,357.2,2983.8
Fort Collins,72318,Colorado,148792,1.3,29.6,26.9,205,401.9,"2,271",95.4,262.8,"2,768.3"
Grand Junction,31087,Colorado,59516,3.4,87.4,48.7,284.0,517.5,3856.1,218.4,423.4,4592.0
Greeley,42813,Colorado,96276,1.0,41.5,66.5,333.4,563.0,"2,659.0",146.5,442.5,"3,368.4"
Lakewood,71477,Colorado,146404,1.4,64.2,101.1,295.1,626.3,"3,538.2",415.3,461.7,"4,579.8"
Longmont,42201,Colorado,88925,0.0,12.4,33.7,165.3,403.7,"1,917.3",118.1,211.4,"2,439.1"
Loveland,35134,Colorado,69147,0.0,31.8,31.8,146.1,328.3,"2,205.4",66.5,209.7,"2,600.3"
Pueblo,46921,Colorado,109065,7.3,19.3,182.5,521.7,"1,737.5","4,256.2",452,730.8,"6,445.7"
Thornton,52600,Colorado,123115,0.8,47.1,33.3,188.4,386.6,"1,974.6",284.3,269.7,"2,645.5"
Westminster,51565,Colorado,109461,1.8,26.5,46.6,184.5,360.9,"1,960.5",264,259.5,"2,585.4"
Bridgeport,54695,Connecticut,146030,15.1,265.7,415.0,509.5,943,"1,991.4",594.4,"1,205.2","3,528.7"
Danbury,32993,Connecticut,81891,1.2,28.1,55.0,48.8,350.5,"1,466.6",90.4,133.1,"1,907.4"
Hartford,49229,Connecticut,125203,18.4,21.6,511.2,770.7,838.6,"2,769.1",640.6,"1,321.9","4,248.3"
New Britain,30047,Connecticut,73458,4.1,6.8,243.7,177.0,"1,055.0","2,381.0",535.0,431.5,"3,971.0"
New Haven,57392,Connecticut,129934,13.1,42.3,649.6,734.2,"1,116.7","3,348.6",549.5,"1,439.2","5,014.9"
Norwalk,37777,Connecticut,86693,3.5,10.4,78.4,221.5,288.4,"1,559.5",128.0,313.8,"1,975.9"
Stamford,55324,Connecticut,124201,4.0,20.1,116.7,141.7,233.5,"1,185.2",136.9,282.6,"1,555.5"
Waterbury,45898,Connecticut,110486,4.5,6.3,167.4,118.6,599.2,"3,202.2",464.3,296.9,"4,265.7"
Wilmington,32131,Delaware,72088,36.1,47.2,657.5,962.7,"1,681.3","3,117.0",506.3,"1,703.5","5,304.6"
Boca Raton,41274,Florida,86493,0.0,13.9,71.7,104.1,567.7,"2,271.9",116.8,189.6,"2,956.3"
Boynton Beach,31874,Florida,69937,7.1,11.4,181.6,370.3,896.5,"3,160.0",215.9,570.5,"4,272.4"
Cape Coral,83021,Florida,159625,2.5,10.0,25.7,105.2,538.8,"1,595.6",71.4,143.5,"2,205.8"
Clearwater,52536,Florida,109255,2.7,54.0,188.5,420.1,841.2,"2,900.6",161.1,665.4,"3,902.8"
Coral Springs,46223,Florida,125021,0.8,8.0,62.4,112,457.5,"1,678.1",120,183.2,"2,255.6"
Davie,38969,Florida,94952,5.3,24.2,77.9,281.2,702.5,"2,701.4",253.8,388.6,"3,657.6"
Daytona Beach,33906,Florida,61861,6.5,37.2,289.4,822.8,"1,291.6","4,403.4",559.3,"1,155.8","6,254.3"
Deerfield Beach,34846,Florida,77431,5.2,22.0,192.4,245.4,767.1,"2,169.7",237.6,464.9,"3,174.4"
Delray Beach,30118,Florida,62044,9.7,41.9,253.0,432.0,910.6,"3,594.2",249.8,736.6,"4,754.7"
Doral,26222,Florida,47427,0.0,10.5,33.7,132.8,493.4,4151.6,337.4,177.1,4982.4
Fort Lauderdale,81232,Florida,170827,9.4,28.1,488.8,377,"1,727.5","3,757.6",345.4,903.3,"5,830.5"
Fort Myers,39447,Florida,64379,37.3,40.4,267.2,826.4,787.5,"2,545.9",310.7,"1,171.2","3,644.0"
Gainesville,65576,Florida,127036,4.7,58.3,134.6,472.3,794.3,"3,111.7",188.1,669.9,"4,094.1"
Hialeah,78792,Florida,233107,1.7,17.2,111.5,217.1,449.6,"2,320.4",316.2,347.5,"3,086.1"
Hollywood,61197,Florida,145313,3.4,26.2,191.3,221.6,"1,347.4","3,506.2",454.2,442.5,"5,307.9"
Homestead,26901,Florida,62785,6.4,52.6,501.7,"1,103.8","1,396.8","3,426.0",299.4,"1,664.4","5,122.2"
Kissimmee,28697,Florida,62183,3.2,54.7,194.6,652.9,"1,321.9","3,457.5",225.1,905.4,"5,004.6"
Lakeland,51663,Florida,99934,10.0,33.0,144.1,278.2,"1,296.9","3,737.5",185.1,465.3,"5,219.4"
Largo,37626,Florida,78783,1.3,54.6,144.7,299.6,728.6,"3,062.8",165.0,500.1,"3,956.4"
Lauderhill,27832,Florida,69046,11.6,27.5,350.5,460.6,"1,793.0","2,188.4",267.9,850.2,"4,249.3"
Melbourne,36223,Florida,77133,7.8,62.2,172.4,610.6,840.1,"3,379.9",154.3,853.1,"4,374.3"
Miami Beach,37894,Florida,91066,5.5,46.1,446.9,534.8,"1,150.8","8,275.3",487.6,"1,033.3","9,913.7"
Miami Gardens,34688,Florida,111177,22.5,14.4,331.9,468.6,"1,160.3","2,771.3",371.5,837.4,"4,303"
Miramar,44827,Florida,125998,1.6,24.6,129.4,270.6,684.1,"1,508.8",175.4,426.2,"2,368.3"
North Port,35320,Florida,58568,3.4,34.1,20.5,163.9,474.7,1314.7,44.4,222.0,1833.8
Ocala,29755,Florida,57288,10.5,73.3,160.6,410.2,1057.8,4243.5,104.7,654.6,5406.0
Orlando,141669,Florida,246513,9.7,41.8,244.6,721.3,"1,532.6","4,552.3",529,"1,017.4","6,613.8"
Palm Bay,50448,Florida,104635,2.9,18.2,74.5,432.9,687.2,"1,530.1",130.9,528.5,"2,348.2"
Pembroke Pines,63065,Florida,159744,1.3,8.8,52.0,87,529.6,"1,987.6",135.8,149,"2,653"
Plantation,36927,Florida,87705,4.6,12.5,144.8,155.1,800.4,"2,909.8",215.5,317.0,"3,925.7"
Pompano Beach,51440,Florida,103003,4.9,35.9,406.8,581.5,"1,245.6","3,763",391.3,"1,029.1","5,399.8"
Port Orange,27070,Florida,57300,3.5,1.7,20.9,82.0,525.3,1856.9,111.7,108.2,2493.9
Port St. Lucie,90069,Florida,168416,2.4,27.9,32.7,171.6,484.5,"1,261.2",54,234.5,"1,799.7"
St. Petersburg,123605,Florida,248340,6.0,37.9,235.6,622.1,"1,181","3,479.9",352.7,901.6,"5,013.7"
Sanford,26511,Florida,54662,5.5,38.4,303.7,243.3,1503.8,3633.2,285.4,590.9,5422.4
Sunrise,34455,Florida,87168,1.1,21.8,107.8,133.1,916.6,"2,623.7",164.1,263.9,"3,704.3"
Tallahassee,87824,Florida,185461,6.5,62.0,283.1,501.5,"1,418.1","2,945.6",282.5,853,"4,646.3"
Tamarac,32913,Florida,62382,8.0,20.8,118.6,158.7,979.4,"1,383.4",157.1,306.2,"2,520.0"
Weston,22243,Florida,67452,3.0,7.4,20.8,60.8,219.4,730.9,29.7,91.9,980.0
West Palm Beach,50890,Florida,102422,16.6,30.3,326.1,428.6,"1,258.5","3,711.1",306.6,801.6,"5,276.2"
Albany,28379,Georgia,78512,5.1,34.4,285.3,710.7,"1,793.4","4,291.1",285.3,"1,035.5","6,369.7"
Alpharetta,26224,Georgia,60031,1.7,10.0,30.0,28.3,211.6,"1,792.4",45.0,70.0,"2,048.9"
Columbus,82007,Georgia,196178,8.7,15.8,215.6,266.6,"1,380.9","3,930.6",431.2,506.7,"5,742.7"
Johns Creek,28800,Georgia,80037,0.0,3.7,20.0,30.0,129.9,507.3,20.0,53.7,657.2
Roswell,35275,Georgia,92141,1.1,7.6,68.4,66.2,433.0,"1,332.7",102.0,143.3,"1,867.8"
Sandy Springs,50453,Georgia,97890,3.1,5.1,100.1,82.7,724.3,"1,911.3",173.7,191.0,"2,809.3"
Warner Robins,33527,Georgia,69231,8.7,30.3,203.7,286.0,"1,128.1","4,405.5",213.8,528.7,"5,747.4"
Caldwell,21765,Idaho,47223,2.1,14.8,14.8,224.5,563.3,1772.4,101.6,256.2,2437.4
Idaho Falls,24008,Idaho,58037,0.0,44.8,22.4,172.3,475.6,2345.1,117.2,239.5,2937.8
Meridian,50116,Idaho,77270,0.0,16.8,11.6,90.6,284.7,"1,281.2",25.9,119.1,"1,591.8"
Nampa,41060,Idaho,83316,2.4,52.8,24.0,164.4,612.1,"1,908.4",96.0,243.7,"2,616.5"
Aurora,61278,Illinois,199765,0.0,32.5,62.6,186.7,472.6,"1,249",63.1,281.8,"1,784.6"
Bloomington,33447,Illinois,77107,1.3,54.5,58.4,368.3,463.0,"1,810.5",57.1,482.4,"2,330.5"
Champaign,40599,Illinois,81329,3.7,62.7,166.0,678.7,887.8,"2,332.5",99.6,911.1,"3,319.8"
Cicero,24167,Illinois,84300,5.9,21.4,217.1,205.2,843.4,"1,453.1",338.1,449.6,"2,634.6"
Decatur,30783,Illinois,76131,7.9,34.2,139.2,281.1,"1,209.8","1,898.0",107.7,462.4,"3,215.5"
Elgin,41062,Illinois,109155,1.8,61.4,69.6,102.6,327.1,"1,416.3",72.4,235.4,"1,815.8"
Evanston,31310,Illinois,74820,4.0,5.3,105.6,189.8,562.7,"2,098.4",84.2,304.7,"2,745.3"
Joliet,52512,Illinois,148471,7.4,20.2,70.0,243.1,642.5,"1,834",106.4,340.8,"2,583"
Naperville,55580,Illinois,142840,2.1,4.9,16.8,59.5,178.5,"1,223.7",28.7,83.3,"1,431"
Peoria,49577,Illinois,115288,8.7,21.7,281.0,485.7,"1,231.7","2,923.1",201.2,797.1,"4,356"
Rockford,62552,Illinois,152293,5.9,81.4,327.7,952.8,"1,460.3","3,285.1",250.2,"1,367.8","4,995.6"
Springfield,51843,Illinois,117131,8.5,64.9,222.0,676.2,"1,425.8","4,296.9",206.6,971.6,"5,929.3"
Waukegan,31784,Illinois,89468,2.2,52.5,178.8,235.8,698.6,"2,234.3",71.5,469.4,"3,004.4"
Bloomington,33738,Indiana,81636,3.7,22.0,51.4,220.5,761.9,"3,026.9",185.0,297.7,"3,973.7"
Carmel,38523,Indiana,81819,0.0,2.4,7.3,3.7,138.1,793.2,56.2,13.4,987.5
Evansville,51696,Indiana,118194,6.8,47.4,168.4,251.3,957.7,"3,833.5",355.3,473.8,"5,146.6"
Fishers,38270,Indiana,79375,0.0,1.3,11.3,5.0,127.2,873.1,34.0,17.6,"1,034.3"
Gary,27688,Indiana,80472,46.0,69.6,341.7,447.4,"2,030.5","2,567.4",963.1,904.7,"5,560.9"
Hammond,29271,Indiana,81010,7.4,22.2,237.0,554.3,"1,155.4","2,645.4",455.5,820.9,"4,256.3"
Lafayette,31331,Indiana,68160,1.5,52.8,101.2,441.6,"1,046.1","3,494.7",290.5,597.1,"4,831.3"
Muncie,26505,Indiana,70300,1.4,12.8,140.8,211.9,981.5,"2,903.3",288.8,367.0,"4,173.5"
South Bend,42331,Indiana,101398,17.8,54.2,311.6,229.8,"1,720","2,759.4",281.1,613.4,"4,760.4"
Ames,26633,Iowa,59271,0.0,54.0,11.8,65.8,491.0,1909.9,52.3,131.6,2453.1
Ankeny,30257,Iowa,46482,0.0,17.2,15.1,40.9,305.5,1039.1,40.9,73.1,1385.5
Cedar Rapids,58123,Iowa,128401,2.3,33.5,75.5,165.9,752.3,"2,728.2",197.8,277.3,"3,678.3"
Davenport,44171,Iowa,101193,4.0,39.5,149.2,404.2,879.5,"2,877.7",282.6,596.9,"4,039.8"
Des Moines,90465,Iowa,207400,3.4,48.2,120.5,355.4,"1,212.2","3,333.7",377,527.5,"4,922.9"
Iowa City,30588,Iowa,69214,1.4,41.9,44.8,179.2,559.1,"2,014.0",88.1,267.3,"2,661.3"
Sioux City,32278,Iowa,83289,2.4,36.0,55.2,235.3,745.6,"3,175.7",244.9,329.0,"4,166.2"
Waterloo,28471,Iowa,68919,5.8,92.9,100.1,483.2,"1,201.4","2,307.1",139.3,682.0,"3,647.8"
West Des Moines,33094,Iowa,58134,0.0,27.5,13.8,122.1,366.4,2686.9,86.0,163.4,3139.3
Kansas City,57487,Kansas,147201,10.2,57.7,188.2,339.7,"1,203.8","3,096.4",820.6,595.8,"5,120.9"
Lawrence,41551,Kansas,89180,0.0,58.3,59.4,297.2,677.3,"3,577.0",227.6,414.9,"4,481.9"
Olathe,53252,Kansas,128560,0.0,29.6,18.7,100.3,245,"1,546.4",137.7,148.6,"1,929.1"
Overland Park,85022,Kansas,177085,1.1,22.6,23.7,113.5,292,"1,828.5",183,160.9,"2,303.4"
Shawnee,28168,Kansas,63542,0.0,17.3,18.9,97.6,239.2,"1,210.2",218.8,133.8,"1,668.2"
Topeka,55148,Kansas,128843,11.6,30.3,183.9,373.3,991.1,"3,855.1",463.4,599.2,"5,309.6"
Bowling Green,32904,Kentucky,59043,6.8,61.0,127.0,125.3,926.4,3932.7,264.2,320.1,5123.4
Baton Rouge,86978,Louisiana,231500,28.5,27.6,446.2,580.6,"1,652.7","3,348.2",208.2,"1,082.9","5,209.1"
Kenner,23924,Louisiana,67110,3.0,17.9,90.9,95.4,576.7,"2,939.9",222.0,207.1,"3,738.6"
Lafayette,53953,Louisiana,122852,9.0,9.0,164.4,451.8,"1,082.6","4,268.6",196.2,634.1,"5,547.3"
Shreveport,78443,Louisiana,202164,8.4,45.5,214.2,498.6,"1,199.5","3,449.2",229.5,766.7,"4,878.2"
Portland,34067,Maine,66413,1.5,49.7,123.5,85.8,618.9,"3,220.8",123.5,260.5,"3,963.1"
Frederick,34562,Maryland,66808,1.5,38.9,158.7,371.2,366.7,"2,285.7",190.1,570.3,"2,842.5"
Brockton,35485,Massachusetts,95156,6.3,50.4,236.5,850.2,856.5,"2,150.2",220.7,"1,143.4","3,227.3"
Cambridge,49310,Massachusetts,106981,0.9,18.7,126.2,257.1,469.2,"2,320",100,402.9,"2,889.3"
Fall River,43425,Massachusetts,89753,2.2,57.9,291.9,710.8,862.4,"1,848.4",304.2,"1,062.9","3,014.9"
Framingham,25727,Massachusetts,69605,0.0,10.1,30.2,181.0,364.9,"1,270.0",143.7,221.2,"1,778.6"
Haverhill,27274,Massachusetts,61897,3.2,19.4,84.0,568.7,634.9,"1,486.3",203.6,675.3,"2,324.8"
Lawrence,32631,Massachusetts,77661,2.6,32.2,287.1,688.9,690.2,956.7,883.3,"1,010.8","2,530.2"
Lowell,43220,Massachusetts,108539,0.0,34.1,160.3,344.6,782.2,"1,825.2",271.8,539,"2,879.1"
Lynn,36403,Massachusetts,91846,2.2,52.3,185.1,581.4,760.0,"1,757.3",301.6,820.9,"2,818.8"
Malden,27716,Massachusetts,60605,1.7,31.4,123.8,305.3,463.7,"1,310.1",211.2,462.0,"1,985.0"
New Bedford,41300,Massachusetts,96031,2.1,56.2,283.2,731.0,967.4,"2,030.6",313.4,"1,072.6","3,311.4"
Newton,32074,Massachusetts,86710,0.0,5.8,19.6,62.3,213.4,799.2,18.5,87.6,"1,031.0"
Quincy,46448,Massachusetts,93736,0.0,33.1,89.6,305.1,528.1,"1,006.0",123.8,427.8,"1,657.8"
Somerville,37108,Massachusetts,77200,0.0,29.8,106.2,212.4,450.8,"1,616.6",165.8,348.4,"2,233.2"
Springfield,56229,Massachusetts,154518,7.1,25.2,350.8,656.2,"1,499.5","2,554.4",491.9,"1,039.4","4,545.7"
Worcester,81973,Massachusetts,183247,4.4,18.0,228.7,708.3,"1,113.3","2,143",253.8,959.4,"3,510"
Ann Arbor,49077,Michigan,115008,0.9,30.4,43.5,122.6,620.8,"1,650.3",99.1,197.4,"2,370.3"
Dearborn,38777,Michigan,97215,1.0,24.7,110.1,195.4,475.2,"2,533.6",367.2,331.2,"3,376.0"
Farmington Hills,37173,Michigan,80316,1.2,18.7,14.9,57.3,287.6,"1,129.3",156.9,92.1,"1,573.8"
Flint,33879,Michigan,101632,62.0,106.3,662.2,"1,899","2,931.2","2,171.6",451.6,"2,729.5","5,554.4"
Grand Rapids,80311,Michigan,189953,8.4,24.2,243.2,495.4,"1,009.2","2,333.7",141.1,771.2,"3,484"
Kalamazoo,30482,Michigan,74797,12.0,102.9,220.6,542.8,"1,116.4","2,854.4",200.5,878.4,"4,171.3"
Lansing,52849,Michigan,114688,11.3,80.2,177.0,671.4,"1,139.6","1,920.9",230.2,939.9,"3,290.7"
Livonia,38023,Michigan,96028,3.1,19.8,33.3,95.8,336.4,"1,667.2",208.3,152.0,"2,211.9"
Novi,26962,Michigan,55623,0.0,7.2,16.2,43.1,129.4,1684.6,70.1,66.5,1884.1
Southfield,35348,Michigan,72253,2.8,47.1,188.2,249.1,865.0,"2,117.6",545.3,487.2,"3,527.9"
Sterling Heights,52105,Michigan,129974,3.1,12.3,23.1,140,274.7,"1,584.2",124.6,178.5,"1,983.5"
Troy,34743,Michigan,81567,2.5,11.0,15.9,44.1,221.9,"1,687.0",131.2,73.6,"2,040.0"
Warren,54644,Michigan,134340,0.0,67.7,110.2,354.3,743.6,"1,525.2",550.1,532.2,"2,819"
Westland,35723,Michigan,83299,1.2,73.2,96.0,235.3,690.3,"1,806.7",396.2,405.8,"2,893.2"
Blaine,25670,Minnesota,57953,0.0,0.0,19.0,50.0,345.1,2874.7,96.6,0,3316.5
Bloomington,39370,Minnesota,84596,0.0,0.0,69.7,74.5,268.3,"3,437.5",91.0,0,"3,796.9"
Brooklyn Park,29325,Minnesota,77346,5.2,0.0,117.7,157.7,637.4,"2,587.1",174.5,0,"3,399.0"
Duluth,38843,Minnesota,86830,2.3,0.0,103.7,245.3,739.4,"3,509.2",198.1,0,"4,446.6"
Eagan,27978,Minnesota,65180,0.0,0.0,16.9,23.0,277.7,"1,996.0",67.5,0,"2,341.2"
Lakeville,25289,Minnesota,56805,0.0,0.0,1.8,15.8,216.5,1091.5,22.9,0,1330.9
Maple Grove,29987,Minnesota,62840,0.0,0.0,17.5,20.7,251.4,"1,745.7",39.8,0,"2,036.9"
Plymouth,29393,Minnesota,72020,0.0,0.0,19.4,26.4,358.2,"1,262.1",43.0,0,"1,663.4"
Rochester,51184,Minnesota,108582,1.8,0.0,50.7,95.8,455.9,"1,968.1",82,0,"2,505.9"
Woodbury,31280,Minnesota,63190,0.0,0.0,11.1,17.4,305.4,"1,910.1",76.0,0,"2,291.5"
Jackson,60636,Mississippi,175939,35.8,76.7,454.1,381.4,"2,344","3,585.3",645.7,948.1,"6,575"
Columbia,53894,Missouri,110646,2.7,37.1,146.4,244,708.6,"2,977.1",129.2,430.2,"3,814.9"
Independence,51311,Missouri,117433,4.3,36.6,108.1,308.3,"1,067","4,356.5",666.8,457.3,"6,090.3"
Lee's Summit,40435,Missouri,91840,0.0,14.2,26.1,78.4,286.4,"1,912.0",117.6,118.7,"2,316.0"
O'Fallon,34714,Missouri,80670,2.5,6.2,5.0,78.1,155.0,"1,363.6",26.0,91.7,"1,544.6"
St. Charles,31316,Missouri,66723,1.5,10.5,34.5,104.9,332.7,"2,492.4",95.9,151.4,"2,921.0"
St. Joseph,28196,Missouri,77330,1.3,28.4,117.7,270.3,"1,284.1","4,324.3",479.8,417.7,"6,088.2"
Springfield,79707,Missouri,160962,9.9,87.6,219.3,674.7,"1,376.1","6,981.8",652.9,991.5,"9,010.8"
Billings,52878,Montana,106371,2.8,35.7,63.9,245.4,745.5,"3,391.9",386.4,347.8,"4,523.8"
Missoula,35775,Montana,67758,0.0,36.9,48.7,240.6,557.9,"3,775.2",155.0,326.2,"4,488.0"
North Las Vegas,92288,Nevada,221884,6.3,32.9,175.3,549.4,701.7,"1,362",430.4,763.9,"2,494.1"
Reno,114623,Nevada,230486,3.0,14.3,141.9,357.9,708.5,"2,129.8",382.2,517.2,"3,220.6"
Sparks,41595,Nevada,92387,1.1,34.6,73.6,144.0,659.2,"1,850.9",259.8,253.3,"2,769.9"
Manchester,50053,New Hampshire,110040,0.9,65.4,186.3,314.4,771.5,"2,588.1",137.2,567.1,"3,496.9"
Nashua,36451,New Hampshire,86870,0.0,42.6,55.3,137.0,431.7,"2,189.5",96.7,234.8,"2,717.9"
Bayonne,30335,New Jersey,64036,0.0,9.4,64.0,132.7,320.1,874.5,81.2,206.1,"1,275.8"
Camden,27511,New Jersey,77665,86.3,95.3,972.1,"1,412.5","1,402.2","2,850.7",906.5,"2,566.1","5,159.3"
Clifton,31968,New Jersey,84684,0.0,15.4,94.5,107.5,422.7,"1,275.3",166.5,217.3,"1,864.6"
East Orange,30360,New Jersey,64682,7.7,34.0,219.5,301.5,539.6,739.0,522.6,562.8,"1,801.1"
Elizabeth,45491,New Jersey,126281,11.1,29.3,423.7,333.4,781.6,"1,739.8",924.1,797.4,"3,445.5"
Passaic,21234,New Jersey,70237,8.5,2.8,330.3,388.7,625.0,"1,228.7",223.5,730.4,"2,077.3"
Paterson,51969,New Jersey,147148,14.3,15.0,580.4,445.1,"1,100.3","1,436.6",616.4,"1,054.7","3,153.3"
Trenton,32131,New Jersey,85317,28.1,27.0,676.3,734.9,"1,513.2","1,155.7",549.7,"1,466.3","3,218.6"
Union City,25001,New Jersey,67518,1.5,3.0,157.0,208.8,356.9,"1,319.6",197.0,370.3,"1,873.6"
Las Cruces,50409,New Mexico,99824,5.0,56.1,70.1,263.5,992.7,"3,219.7",214.4,394.7,"4,426.8"
Rio Rancho,42054,New Mexico,89462,2.2,25.7,23.5,174.4,406.9,"1,548.1",173.3,225.8,"2,128.3"
Santa Fe,42397,New Mexico,68751,2.9,21.8,158.5,298.2,"2,773.8","2,641.4",253.1,481.4,"5,668.3"
Albany,44875,New York,98187,4.1,43.8,253.6,515.3,903.4,"3,359.9",156.8,816.8,"4,420.1"
Mount Vernon,27369,New York,68146,14.7,20.5,330.2,534.1,475.4,"1,300.1",198.1,899.5,"1,973.7"
New Rochelle,29052,New York,78025,0.0,3.8,116.6,111.5,230.7,"1,475.2",83.3,232.0,"1,789.2"
Rochester,91471,New York,211993,17.0,52.8,385.4,520.8,"1,404.8","3,624.2",293.4,976,"5,322.3"
Schenectady,28730,New York,66631,10.5,48.0,298.7,582.3,"1,215.7","2,815.5",213.1,939.5,"4,244.3"
Syracuse,60652,New York,145934,9.6,51.4,311.1,568.1,"1,299.2","2,534",261.8,940.2,"4,095"
Yonkers,79190,New York,198464,2.0,14.1,212.6,342.1,269.6,906.5,116.4,570.9,"1,292.4"
Asheville,39811,North Carolina,85295,7.0,38.7,165.3,284.9,869.9,"4,492.6",393.9,495.9,"5,756.5"
Cary,71248,North Carolina,141016,0.0,7.8,20.6,53.2,262.4,"1,046.7",44.7,81.6,"1,353.7"
Durham,127514,North Carolina,235563,8.9,26.7,261.1,429.2,"1,394.1","2,670.6",298.9,725.9,"4,363.6"
Fayetteville,83410,North Carolina,205966,10.7,34.0,271.9,259.3,"1,995","4,028.8",367.1,575.8,"6,390.9"
Gastonia,33496,North Carolina,72782,1.4,39.8,215.7,361.4,"1,343.7","4,224.9",273.4,618.3,"5,842.1"
Greenville,41037,North Carolina,86869,8.1,26.5,194.5,294.7,"1,300.8","2,988.4",137.0,523.8,"4,426.2"
High Point,45442,North Carolina,106801,4.7,17.8,173.2,324.9,"1,112.3","2,755.6",267.8,520.6,"4,135.7"
Wilmington,59730,North Carolina,109370,7.3,21.0,238.6,298.1,"1,548.9","3,513.8",341,565.1,"5,403.7"
Winston-Salem,107693,North Carolina,234687,2.6,31.5,182.4,446.6,"1,929.8","3,617.6",290.6,663,"5,838"
Bismarck,34598,North Dakota,64103,1.6,48.4,25.0,265.2,499.2,"2,374.3",160.7,340.1,"3,034.2"
Fargo,60510,North Dakota,109813,1.8,62.8,41.9,252.2,410.7,"2,029.8",141.1,358.8,"2,581.7"
Akron,85349,Ohio,198390,12.1,84.2,290.8,499.5,"1,728.4","2,965.9",363.4,886.6,"5,057.7"
Canton,29864,Ohio,72914,13.7,87.8,567.8,330.5,"2,180.7","3,663.2",632.3,999.8,"6,476.1"
Dayton,57882,Ohio,142139,16.9,78.8,445.3,432.7,"2,140.9","3,270.7",487.6,973.7,"5,899.2"
Lorain,27930,Ohio,64148,6.2,53.0,212.0,235.4,"1,942.4","2,913.6",183.9,506.6,"5,039.9"
Parma,34406,Ohio,80963,0.0,4.9,17.3,46.9,58.1,491.6,7.4,69.2,557.0
Broken Arrow,44802,Oklahoma,100688,1.0,32.8,38.7,81.4,371.4,"1,686.4",114.2,153.9,"2,172.1"
Edmond,39282,Oklahoma,83473,2.4,14.4,24.0,61.1,363.0,"1,593.3",56.3,101.8,"2,012.6"
Lawton,34205,Oklahoma,98781,13.2,38.5,175.1,704.6,"1,579.3","3,390.3",302.7,931.4,"5,272.3"
Norman,54715,Oklahoma,113969,0.9,45.6,47.4,57.9,551.9,"1,976",148.3,151.8,"2,676.2"
Beaverton,43874,Oregon,92276,0.0,22.8,39.0,91.0,212.4,"1,262.5",119.2,152.8,"1,594.1"
Eugene,78974,Oregon,158043,0.0,45.6,124.0,102.5,958.6,"3,830.6",275.2,272.1,"5,064.4"
Gresham,42173,Oregon,108202,3.7,30.5,191.3,224.6,818.8,"2,985.2",685.8,450.1,"4,489.8"
Hillsboro,42575,Oregon,94119,2.1,36.1,55.2,97.7,343.2,"1,823.2",122.2,191.2,"2,288.6"
Medford,34867,Oregon,76037,2.6,51.3,84.2,420.8,627.3,"4,950.2",232.8,558.9,"5,810.3"
Salem,68817,Oregon,157353,4.4,25.4,87.7,240.9,662.8,"3,150.9",463.9,358.4,"4,277.6"
Bethlehem,32208,Pennsylvania,75388,2.7,25.2,160.5,127.3,500.1,"1,973.8",110.1,315.7,"2,584.0"
Erie,39704,Pennsylvania,101972,7.8,62.8,168.7,209.9,"1,073.8","2,266.3",102,449.1,"3,442.1"
Reading,31358,Pennsylvania,88557,16.9,49.7,431.4,437.0,"1,634.0","1,839.5",605.3,935.0,"4,078.7"
Scranton,31094,Pennsylvania,76118,0.0,30.2,169.5,131.4,842.1,"2,359.5",152.4,331.1,"3,354.0"
Cranston,31571,Rhode Island,80315,2.5,19.9,42.3,97.1,488.1,"1,695.8",191.7,161.9,"2,375.6"
Pawtucket,33667,Rhode Island,71085,5.6,49.2,113.9,236.3,955.2,"1,959.6",530.4,405.1,"3,445.2"
Providence,71374,Rhode Island,177882,9.6,47.2,203.5,376.7,"1,084.4","2,745.6",654.4,636.9,"4,484.4"
Warwick,36989,Rhode Island,82282,1.2,18.2,35.2,69.3,405.9,"2,051.5",115.5,124.0,"2,572.9"
Charleston,69588,South Carolina,123856,9.7,15.3,84.0,130,302,"2,231.6",189.7,239,"2,723.3"
Greenville,35609,South Carolina,60953,1.6,34.5,170.6,628.4,989.3,"3,955.5",342.9,835.1,"5,287.7"
Mount Pleasant,40023,South Carolina,70016,0.0,7.1,8.6,202.8,245.7,"1,428.2",82.8,218.5,"1,756.7"
North Charleston,53710,South Carolina,100675,12.9,60.6,210.6,448,848.3,"4,333.7",536.4,732.1,"5,718.4"
Rock Hill,31189,South Carolina,68064,11.8,52.9,164.6,427.5,592.1,"2,950.2",240.9,656.7,"3,783.2"
Rapid City,33880,South Dakota,69979,5.7,158.6,78.6,364.4,844.5,"3,906.9",328.7,607.3,"5,080.1"
Sioux Falls,90489,South Dakota,158354,1.3,87.8,44.2,265.2,567.7,"2,426.8",188.8,398.5,"3,183.4"
Clarksville,71172,Tennessee,137356,7.3,33.5,72.1,524.2,710.6,"1,891.4",121.6,637,"2,723.6"
Franklin,35730,Tennessee,64848,1.5,17.0,17.0,107.9,138.8,"1,390.9",63.2,143.4,"1,593.0"
Jackson,28458,Tennessee,65725,16.7,33.5,290.6,"1,138.1","1,478.9","3,254.5",205.4,"1,478.9","4,938.8"
Johnson City,31162,Tennessee,64342,1.6,21.8,79.3,393.2,839.3,"3,478.3",150.8,495.8,"4,468.3"
Knoxville,87036,Tennessee,182254,9.9,65.3,289.7,608.5,"1,581.3","4,594.1",501.5,973.4,"6,676.9"
Murfreesboro,63223,Tennessee,112247,2.7,49.0,119.4,453.5,822.3,"2,582.7",163.9,624.5,"3,568.9"
Abilene,47511,Texas,119886,2.5,31.7,105.9,253.6,865,"2,656.7",142.6,393.7,"3,664.3"
Allen,38830,Texas,88783,0.0,12.4,14.6,34.9,242.2,"1,321.2",49.6,61.9,"1,612.9"
Amarillo,80754,Texas,196576,5.1,56.0,141.4,447.7,"1,061.7","3,145.9",320,650.1,"4,527.5"
Beaumont,44169,Texas,120323,10.8,63.2,339.1,619.2,"1,519.2","3,089.2",231.9,"1,032.2","4,840.3"
Brownsville,64083,Texas,181102,1.7,21.0,69.0,169.5,632.2,"3,857.5",113.7,261.2,"4,603.5"
Bryan,33775,Texas,78479,1.3,39.5,87.9,268.9,632.0,"2,407.0",112.1,397.6,"3,151.2"
Carrollton,52503,Texas,124477,1.6,5.6,60.3,77.1,619.4,"1,894.3",229,144.6,"2,742.7"
Cedar Park,27998,Texas,52051,0.0,21.1,17.3,171.0,178.7,1254.5,36.5,209.4,1469.7
College Station,47029,Texas,96567,3.1,35.2,39.4,430.8,596.5,"1,824.6",62.1,508.5,"2,483.2"
Conroe,42134,Texas,59856,3.3,21.7,123.6,220.5,746.8,2507.7,188.8,369.2,3443.3
Denton,59711,Texas,118942,0.8,72.3,68.9,168.1,531.4,"2,079.2",132,310.2,"2,742.5"
Edinburg,34958,Texas,80332,1.2,36.1,62.2,344.8,"1,066.8","4,563.6",260.2,444.4,"5,890.6"
Flower Mound,29171,Texas,68023,0.0,0.0,7.4,23.5,157.3,645.4,25.0,30.9,827.7
Frisco,80665,Texas,123205,0.0,6.5,19.5,53.6,357.1,"1,650.1",43.8,79.5,"2,051.1"
Garland,80786,Texas,234984,3.0,20.0,100.4,106.4,943.9,"2,496.3",251.5,229.8,"3,691.7"
Grand Prairie,70750,Texas,181782,0.6,27.5,88.0,158.4,714,"1,824.2",347.7,274.5,"2,885.9"
Harlingen,25629,Texas,67112,6.0,34.3,92.4,271.2,903.0,"3,807.1",165.4,403.8,"4,875.4"
Irving,95909,Texas,224007,1.3,12.1,60.3,152.7,570.1,"1,993.7",251.8,226.3,"2,815.5"
Killeen,64777,Texas,131965,9.1,62.1,178.8,394.8,"1,135.1","2,497.6",145.5,644.9,"3,778.3"
Laredo,79072,Texas,245558,3.3,33.0,74.5,311.1,699.6,"3,496.5",155.2,421.9,"4,351.3"
League City,41978,Texas,86127,0.0,18.6,32.5,40.6,347.2,"1,586.0",80.1,91.7,"2,013.3"
Longview,32201,Texas,82554,8.5,33.9,158.7,359.8,"1,150.8","3,568.6",382.8,560.8,"5,102.1"
Lubbock,108609,Texas,237241,4.6,43.8,137.0,641.5,"1,306.3","3,552.9",314,827,"5,173.2"
McAllen,51319,Texas,135745,0.7,2.2,41.3,78.1,370.5,"3,499.9",155.4,122.3,"4,025.9"
McKinney,74833,Texas,138105,0.0,39.1,42.0,84.7,356.3,"1,585.7",75.3,165.8,"2,017.3"
Mansfield,26245,Texas,58490,3.4,39.3,37.6,46.2,288.9,1196.8,80.4,126.5,1566.1
Mesquite,49690,Texas,144811,1.4,9.7,126.4,167.8,"1,082.8","2,782.9",474.4,305.2,"4,340.1"
Midland,53640,Texas,115637,3.5,18.2,45.0,277.6,483.4,"2,000.2",117.6,344.2,"2,601.2"
Mission,29183,Texas,80557,3.7,7.4,57.1,60.8,525.1,"2,219.5",197.4,129.1,"2,942.0"
Missouri City,26271,Texas,70819,0.0,11.3,48.0,62.1,309.2,865.6,66.4,121.4,"1,241.2"
New Braunfels,42756,Texas,60482,1.7,31.4,44.6,112.4,496.0,"2,840.5",152.1,190.1,"3,488.6"
North Richland Hills,27385,Texas,65750,1.5,27.4,35.0,194.7,457.8,"1,817.5",115.6,258.6,"2,390.9"
Odessa,54163,Texas,103635,4.8,41.5,136.1,881.9,743,"2,475",368.6,"1,064.3","3,586.6"
Pasadena,49618,Texas,154562,5.2,33.6,95.1,268.5,646.3,"2,644.2",339,402.4,"3,629.6"
Pearland,45686,Texas,94702,1.1,19.0,29.6,80.3,292.5,"1,470.9",87.6,129.9,"1,851.1"
Pflugerville,24333,Texas,49483,2.0,18.2,12.1,90.9,282.9,1287.3,50.5,123.3,1620.8
Pharr,23919,Texas,73599,0.0,19.0,59.8,288.0,750.0,"2,212.0",195.7,366.9,"3,157.7"
Richardson,45822,Texas,103266,1.9,26.1,77.5,60,675.9,"2,106.2",126.9,165.6,"2,909"
Round Rock,48682,Texas,106232,0.0,30.1,42.4,60.2,316.3,"2,091.6",73.4,132.7,"2,481.4"
Rowlett,23939,Texas,58324,0.0,29.1,15.4,77.2,378.9,1272.2,75.4,121.7,1726.6
San Marcos,28741,Texas,47384,2.1,57.0,59.1,227.9,533.9,2526.2,225.8,346.1,3285.9
Sugar Land,36977,Texas,82924,0.0,4.8,44.6,82.0,348.5,"1,467.6",42.2,131.4,"1,858.3"
Temple,35445,Texas,68194,1.5,32.3,108.5,154.0,0,"2,101.4",130.5,296.2,0
Tyler,36292,Texas,100040,3.0,45.0,92.0,395.8,"1,024.6","3,348.7",130.9,535.8,"4,504.2"
Victoria,25267,Texas,64076,7.8,48.4,73.4,502.5,927.0,"2,944.9",160.7,632.1,"4,032.7"
Waco,52857,Texas,128595,4.7,49.0,141.5,298.6,"1,205.3","3,218.6",120.5,493.8,"4,544.5"
Wichita Falls,38473,Texas,105488,4.7,34.1,142.2,269.2,"1,193.5","3,348.2",218,450.3,"4,759.8"
Layton,28387,Utah,69420,0.0,47.5,10.1,63.4,469.6,"2,179.5",99.4,121.0,"2,748.5"
Lehi,25416,Utah,49375,0.0,8.1,6.1,22.3,255.2,1008.6,58.7,36.5,1322.5
Ogden,32848,Utah,85083,2.4,29.4,112.8,270.3,862.7,"3,585.9",253.9,414.9,"4,702.5"
Orem,31948,Utah,91953,2.2,12.0,22.8,7.6,220.8,"2,052.1",84.8,44.6,"2,357.7"
Provo,36198,Utah,116879,0.0,30.8,16.3,80.4,257.5,"1,754.8",96.7,127.5,"2,109"
St. George,38886,Utah,75780,0.0,35.6,30.4,138.6,405.1,"1,540.0",114.8,204.5,"2,059.9"
Salt Lake City,92626,Utah,192465,4.2,63.4,164.2,443.7,947.7,"5,625.4",886.4,675.4,"7,459.5"
Sandy,35081,Utah,90405,2.2,26.5,38.7,95.1,501.1,"2,287.5",157.1,162.6,"2,945.6"
South Jordan,27610,Utah,52071,0.0,7.7,19.2,17.3,332.2,1530.6,113.3,44.2,1976.1
West Jordan,36479,Utah,107103,1.9,22.4,30.8,130.7,442.6,"2,113.9",212.9,185.8,"2,769.3"
Alexandria,76890,Virginia,145892,0.0,6.2,94.6,65.8,192.6,"1,633.4",223.5,166.6,"2,049.5"
Chesapeake,94056,Virginia,227531,5.3,15.8,88.8,258.9,454.4,"2,188.3",122.6,368.7,"2,765.3"
Hampton,57645,Virginia,137905,6.5,11.6,105.9,103.7,549.7,"2,637.3",190,227.7,"3,377"
Lynchburg,28916,Virginia,77347,3.9,44.0,59.5,237.9,471.9,"2,144.9",89.2,345.2,"2,706.0"
Newport News,76086,Virginia,181591,11.0,27.5,149.2,227.4,566.7,"2,440.1",144.3,415.2,"3,151"
Norfolk,94056,Virginia,245303,13.9,30.6,200.2,298.4,921.7,"3,425.6",296.4,543,"4,643.6"
Portsmouth,40661,Virginia,96739,11.4,42.4,188.1,234.7,"1,259.1","3,506.3",218.1,476.5,"4,983.5"
Richmond,104332,Virginia,207799,20.2,18.3,304.6,305.6,976.9,"2,953.8",450,648.7,"4,380.7"
Roanoke,45061,Virginia,97780,9.2,40.9,144.2,360.0,961.3,"3,664.3",253.6,554.3,"4,879.3"
Auburn,30938,Washington,72218,8.3,31.8,152.3,150.9,"1,362.5","3,344.0",811.4,343.4,"5,518.0"
Bellevue,62868,Washington,126022,1.6,20.6,53.2,52.4,543.6,"2,102",134.1,127.8,"2,779.7"
Bellingham,42207,Washington,82665,0.0,35.1,64.1,166.9,742.8,"3,898.9",166.9,266.1,"4,808.6"
Everett,46726,Washington,105318,0.9,43.7,172.8,239.3,"1,106.2","4,064.8",921,456.7,"6,092"
Federal Way,37759,Washington,91978,3.3,46.8,115.2,156.6,"1,026.3","3,657.4",867.6,321.8,"5,551.3"
Kennewick,30295,Washington,76971,1.3,42.9,45.5,207.9,584.6,"2,332.0",165.0,297.5,"3,081.7"
Kent,50481,Washington,122102,1.6,55.7,158.9,228.5,"1,014.7","2,755.9",707.6,444.7,"4,478.2"
Kirkland,39893,Washington,50243,0.0,27.9,47.8,107.5,656.8,2462.0,173.2,183.1,3292.0
Marysville,27002,Washington,61381,3.3,26.1,58.7,101.0,648.4,"1,906.1",327.5,189.0,"2,882.0"
Pasco,26284,Washington,63806,1.6,20.4,64.3,217.8,656.7,"1,686.4",263.3,304.0,"2,606.3"
Redmond,36551,Washington,55770,0.0,14.3,19.7,30.5,308.4,1741.1,87.9,64.6,2137.3
Renton,40968,Washington,93722,2.1,28.8,122.7,148.3,957.1,"3,252.2",658.3,302.0,"4,867.6"
Sammamish,21792,Washington,47158,0.0,14.8,2.1,17.0,231.1,468.6,27.6,33.9,727.3
Spokane,95061,Washington,212163,6.1,38.2,253.1,347.8,"1,803.8","5,938.8",987.4,645.3,"8,730.1"
Spokane Valley,45025,Washington,91164,1.1,34.0,73.5,106.4,975.2,"3,821.7",473.9,215.0,"5,270.7"
Tacoma,97027,Washington,202646,5.9,45.9,239.8,505.3,"1,463.1","3,945.3",940.6,797,"6,349"
Vancouver,84778,Washington,166375,3.0,43.3,103.4,206.2,627.5,"2,610.4",655.7,355.8,"3,893.6"
Yakima,37918,Washington,93419,11.8,55.7,162.7,375.7,"1,683.8","3,324.8","1,172.1",605.9,"6,180.8"
Appleton,30831,Wisconsin,73431,0.0,38.1,30.0,222.0,345.9,"1,513.0",36.8,290.1,"1,895.7"
Green Bay,45483,Wisconsin,106080,0.9,41.5,82.0,360.1,621.2,"2,083.3",102.8,484.5,"2,807.3"
Janesville,27361,Wisconsin,63642,3.1,33.0,55.0,190.1,532.7,"3,235.3",102.1,281.3,"3,870.1"
Kenosha,42461,Wisconsin,99993,1.0,36.0,105.0,132.0,707.0,"2,194.2",98.0,274.0,"2,999.2"
Madison,134512,Wisconsin,237508,1.3,48.0,101.5,226.9,674.1,"2,483.3",106.9,377.7,"3,264.3"
Oshkosh,28147,Wisconsin,66514,0.0,19.5,27.1,240.6,511.2,"2,022.1",55.6,287.2,"2,588.9"
Racine,31700,Wisconsin,79055,5.1,39.2,266.9,161.9,"1,392.7","2,466.6",164.4,473.1,"4,023.8"
Waukesha,30668,Wisconsin,71049,1.4,36.6,33.8,78.8,327.9,"1,462.4",45.0,150.6,"1,835.4"
Cheyenne,30643,Wyoming,60969,0.0,34.4,34.4,160.7,418.2,"2,837.5",157.5,229.6,"3,413.2"
